{
"type": "FeatureCollection",
"name": "library_buffers",
"crs": { "type": "name", "properties": { "name": "urn:ogc:def:crs:OGC:1.3:CRS84" } },
"features": [
{ "type": "Feature", "properties": { "SA2_CODE21": 206011496, "SA2_NAME21": "Brunswick - South", "library_count": 1, "x": 144.95972899359259, "y": -37.771542143217978 }, "geometry": { "type": "Polygon", "coordinates": [ [ [ 144.971079883843657, -37.771545417511817 ], [ 144.971024887576647, -37.772428558208297 ], [ 144.970861101861459, -37.773303166931193 ], [ 144.97059010038862, -37.774160820292622 ], [ 144.97021448968195, -37.774993257928003 ], [ 144.969737884125806, -37.775792462074428 ], [ 144.969164871269896, -37.776550734822109 ], [ 144.968500967742074, -37.777260772293019 ], [ 144.967752566189176, -37.777915735031222 ], [ 144.966926873755085, -37.778509313924438 ], [ 144.966031842686277, -37.779035791020654 ], [ 144.965076093732876, -37.779490094651266 ], [ 144.964068833083417, -37.779867848328081 ], [ 144.963019763635003, -37.780165412941088 ], [ 144.961938991455725, -37.780379921848805 ], [ 144.960836928344094, -37.780509308521218 ], [ 144.959724191428251, -37.780552326468445 ], [ 144.958611500776328, -37.78050856126125 ], [ 144.957509576010409, -37.780378434527826 ], [ 144.956429032924319, -37.780163199887724 ], [ 144.955380281107324, -37.779864930862239 ], [ 144.954373423564363, -37.77948650087874 ], [ 144.953418159305443, -37.779031555561978 ], [ 144.952523689845492, -37.77850447758113 ], [ 144.951698630519871, -37.777910344392339 ], [ 144.950950927471467, -37.77725487928609 ], [ 144.95028778111066, -37.776544396212408 ], [ 144.949715576786247, -37.775785738917953 ], [ 144.949239823333727, -37.774986214983002 ], [ 144.948865100091695, -37.774153525395491 ], [ 144.948595012893492, -37.773295690342785 ], [ 144.948432159454995, -37.772420971937116 ], [ 144.948378104486522, -37.771537794620258 ], [ 144.948433364764583, -37.770654664015296 ], [ 144.94859740430104, -37.769780085007241 ], [ 144.948868639651096, -37.768922479842054 ], [ 144.949244455303187, -37.768090107032158 ], [ 144.949721228997134, -37.767290981849236 ], [ 144.950294366721607, -37.766532799168594 ], [ 144.950958347050232, -37.765822859406974 ], [ 144.951706774384718, -37.765167998265476 ], [ 144.95253244059046, -37.764574520952024 ], [ 144.9534273944289, -37.764048141514984 ], [ 144.954383018117795, -37.763593927869962 ], [ 144.95539011028248, -37.763216253047105 ], [ 144.956438974500628, -37.762918753126037 ], [ 144.957519512591062, -37.762704292262249 ], [ 144.958621321751139, -37.762574935139362 ], [ 144.959733794611935, -37.762531927111773 ], [ 144.960846221252808, -37.762575682227471 ], [ 144.961947892197486, -37.762705779246041 ], [ 144.963028201406303, -37.762920965689915 ], [ 144.964076748277876, -37.763219169889908 ], [ 144.965083437683063, -37.763597520909897 ], [ 144.966038577073419, -37.764052376159633 ], [ 144.966932969732568, -37.764579356431177 ], [ 144.9677580032766, -37.765173388023264 ], [ 144.968505732553382, -37.765828751549755 ], [ 144.969168956144557, -37.766539136964276 ], [ 144.969741285733477, -37.767297704273105 ], [ 144.970217207670743, -37.768097149354126 ], [ 144.970592136143068, -37.768929774249692 ], [ 144.970862457430115, -37.769787561258482 ], [ 144.971025564820167, -37.770662250114583 ], [ 144.971079883843657, -37.771545417511817 ] ] ] } },
{ "type": "Feature", "properties": { "SA2_CODE21": 206011497, "SA2_NAME21": "Coburg - East", "library_count": 1, "x": 144.97185497008303, "y": -37.745610446946827 }, "geometry": { "type": "Polygon", "coordinates": [ [ [ 144.983201966932569, -37.74561257378506 ], [ 144.983147131151725, -37.746495729213649 ], [ 144.982983541880145, -37.74737036358222 ], [ 144.982712770918823, -37.748228053256177 ], [ 144.982337422573437, -37.749060537521345 ], [ 144.981861108703072, -37.749859798165815 ], [ 144.981288414049232, -37.750618136735582 ], [ 144.98062485217568, -37.751328248718572 ], [ 144.979876812438818, -37.751983293940903 ], [ 144.979051498497256, -37.752576962495596 ], [ 144.978156858951223, -37.753103535566694 ], [ 144.977201510778514, -37.753557940560803 ], [ 144.976194656305921, -37.753935800013018 ], [ 144.975145994516311, -37.754233473794116 ], [ 144.974065627549237, -37.754448094210638 ], [ 144.972963963297985, -37.754577593658269 ], [ 144.971851615046631, -37.754620724560446 ], [ 144.970739299117611, -37.754577071399787 ], [ 144.969637731521715, -37.754447054725091 ], [ 144.968557524610787, -37.754231927095645 ], [ 144.967509084734615, -37.753933761002145 ], [ 144.966502511892685, -37.753555428880574 ], [ 144.965547502352194, -37.753100575413342 ], [ 144.964653255174653, -37.752573582385196 ], [ 144.963828383554869, -37.751979526434496 ], [ 144.963080831828734, -37.751324130108152 ], [ 144.962417798950582, -37.750613706694331 ], [ 144.96184566917799, -37.749855099365654 ], [ 144.961369950630541, -37.749055615221657 ], [ 144.960995222313102, -37.748222954867643 ], [ 144.960725090110572, -37.747365138210064 ], [ 144.960562152174958, -37.746490427184433 ], [ 144.960507974033192, -37.745607246161988 ], [ 144.960563073650661, -37.744724100801847 ], [ 144.96072691658901, -37.743849496131496 ], [ 144.960997921299025, -37.742991854644281 ], [ 144.961373474492149, -37.742159435202574 ], [ 144.961849956437192, -37.741360253527127 ], [ 144.962422775933561, -37.740602005037289 ], [ 144.963086414619852, -37.739891990783342 ], [ 144.963834480187899, -37.739237047183494 ], [ 144.964659767986262, -37.738643480239475 ], [ 144.965554330419508, -37.738117004862346 ], [ 144.966509553473173, -37.737662689891202 ], [ 144.967516239628793, -37.737284909331443 ], [ 144.968564696371686, -37.736987300280475 ], [ 144.969644829442302, -37.736772727944185 ], [ 144.97074623993575, -37.736643258079269 ], [ 144.971858324319783, -37.73660013712535 ], [ 144.97297037641215, -37.736643780217555 ], [ 144.974071690341276, -37.736773767194023 ], [ 144.97515166350351, -37.736988846636713 ], [ 144.976199898531917, -37.737286947906767 ], [ 144.97720630329917, -37.737665201059279 ], [ 144.978161187997159, -37.738119964446625 ], [ 144.979055358361933, -37.738646859745728 ], [ 144.979880204150589, -37.739240814073938 ], [ 144.980627782019894, -37.739896108789623 ], [ 144.981290892010833, -37.740606434509445 ], [ 144.981863146902469, -37.741364951815143 ], [ 144.98233903376692, -37.742164357066706 ], [ 144.982713967131076, -37.742996952690582 ], [ 144.982984333230064, -37.743854721267951 ], [ 144.983147524923481, -37.744729402710867 ], [ 144.983201966932569, -37.74561257378506 ] ] ] } },
{ "type": "Feature", "properties": { "SA2_CODE21": 206021499, "SA2_NAME21": "Northcote - East", "library_count": 1, "x": 145.00669776595299, "y": -37.774261918187122 }, "geometry": { "type": "Polygon", "coordinates": [ [ [ 145.01804906506618, -37.774260747107569 ], [ 145.017994615765929, -37.775143908263118 ], [ 145.017831367830922, -37.776018580060395 ], [ 145.017560889771261, -37.776876338505481 ], [ 145.017185783067958, -37.777708922223077 ], [ 145.016709657248896, -37.778508312044579 ], [ 145.016137095240651, -37.779266808273015 ], [ 145.015473609325596, -37.779977104878846 ], [ 145.014725588125174, -37.780632359910911 ], [ 145.013900235116381, -37.781226261442235 ], [ 145.013005499273135, -37.781753088413531 ], [ 145.012049998498895, -37.782207765786261 ], [ 145.011042936588865, -37.782585913472339 ], [ 145.009994014523443, -37.782883888566261 ], [ 145.008913336949149, -37.783098820472283 ], [ 145.007811314751876, -37.783228638585534 ], [ 145.006698564664873, -37.783272092259644 ], [ 145.00558580688309, -37.78322876286768 ], [ 145.004483761675715, -37.783099067839267 ], [ 145.003403045997885, -37.782884256634986 ], [ 145.002354071102957, -37.782586398696907 ], [ 145.001346942146938, -37.782208363492252 ], [ 145.00039136075668, -37.781753792842913 ], [ 144.999496531504775, -37.781227065809041 ], [ 144.998671073195311, -37.780633256466565 ], [ 144.997922935817257, -37.779978084986922 ], [ 144.997259323967739, -37.779267862492475 ], [ 144.996686627481836, -37.778509430220751 ], [ 144.996210359938033, -37.777710093585561 ], [ 144.995835105628686, -37.776877551771939 ], [ 144.995564475503841, -37.776019823545219 ], [ 144.99540107250948, -37.775145169990054 ], [ 144.995346466649352, -37.774262014925121 ], [ 144.995401180005388, -37.773378863760556 ], [ 144.995564681855996, -37.772504221580867 ], [ 144.99583539393322, -37.771646511241777 ], [ 144.996210705762905, -37.770813992269936 ], [ 144.996686999934241, -37.770014681345764 ], [ 144.997259687051042, -37.769256275134268 ], [ 144.997923250022978, -37.768546076205716 ], [ 144.998671297267435, -37.767890922757502 ], [ 144.999496624306516, -37.76729712281287 ], [ 145.000391283164305, -37.766770393527182 ], [ 145.001346658895926, -37.76631580618492 ], [ 145.002353552511352, -37.765937737414426 ], [ 145.003402269497769, -37.765639827088435 ], [ 145.004482713089686, -37.765424943313747 ], [ 145.005584481393015, -37.765295154845575 ], [ 145.006696967431537, -37.765251711191041 ], [ 145.007809461157535, -37.765295030592014 ], [ 145.00891125244928, -37.765424696002853 ], [ 145.009991734109548, -37.765639459101131 ], [ 145.011040503878093, -37.76593725229344 ], [ 145.012047464481867, -37.76631520860078 ], [ 145.013002920763597, -37.766769689233172 ], [ 145.013897672958592, -37.767296318589786 ], [ 145.01472310522405, -37.767890026348383 ], [ 145.015471268571815, -37.768545096241354 ], [ 145.016134957406791, -37.76925522105018 ], [ 145.01670777893537, -37.770013563291421 ], [ 145.017184214773692, -37.770812821011063 ], [ 145.017559674162044, -37.771645298056733 ], [ 145.017830538269266, -37.772502978152112 ], [ 145.01799419515757, -37.773377602062197 ], [ 145.01804906506618, -37.774260747107569 ] ] ] } },
{ "type": "Feature", "properties": { "SA2_CODE21": 206041117, "SA2_NAME21": "Carlton", "library_count": 2, "x": 144.96779524448633, "y": -37.8004807112168 }, "geometry": { "type": "Polygon", "coordinates": [ [ [ 144.979150483436001, -37.800483221845532 ], [ 144.97909556045596, -37.801366355779578 ], [ 144.978931805441846, -37.802240965154922 ], [ 144.9786607917857, -37.803098626577793 ], [ 144.978285126125655, -37.803931079606343 ], [ 144.977808423372636, -37.804730306330022 ], [ 144.97723527201012, -37.805488608622035 ], [ 144.976571189997827, -37.806198682320407 ], [ 144.975822571700093, -37.806853687620752 ], [ 144.974996626347206, -37.807447315001404 ], [ 144.974101308620988, -37.807973846043822 ], [ 144.973145242032558, -37.808428208560265 ], [ 144.972137635830222, -37.808806025495684 ], [ 144.971088196240288, -37.809103657131097 ], [ 144.970007032897371, -37.809318236179557 ], [ 144.968904561369385, -37.809447695435644 ], [ 144.967791402720309, -37.809490787710324 ], [ 144.96667828108275, -37.809447097858346 ], [ 144.96557592023234, -37.809317046781906 ], [ 144.96449494016565, -37.809101887371547 ], [ 144.963445754683164, -37.808803692423616 ], [ 144.962438470968976, -37.808425334651631 ], [ 144.961482792139606, -37.807970458984364 ], [ 144.960587923704594, -37.807443447419722 ], [ 144.959762484843083, -37.806849376773698 ], [ 144.959014425353985, -37.806193969733954 ], [ 144.958350949080796, -37.805483539690918 ], [ 144.957778444549348, -37.80472492988018 ], [ 144.957302423485402, -37.803925447424405 ], [ 144.956927467803411, -37.803092792911855 ], [ 144.956657185573533, -37.80223498619204 ], [ 144.956494176387508, -37.801360289104323 ], [ 144.956440006453022, -37.800477125885273 ], [ 144.956495193650909, -37.799594002022403 ], [ 144.956659202693828, -37.798719422336099 ], [ 144.956930450427706, -37.797861809079215 ], [ 144.957306321218823, -37.79702942084257 ], [ 144.95778319227324, -37.796230273046866 ], [ 144.958356468639721, -37.795472060785706 ], [ 144.959020627554736, -37.794762084761224 ], [ 144.959769271698633, -37.794107181024245 ], [ 144.96059519084784, -37.793513655193408 ], [ 144.961490431327491, -37.792987221784784 ], [ 144.962446372595139, -37.792532949234101 ], [ 144.96345381021834, -37.792155211139033 ], [ 144.964503044449259, -37.791857644188816 ], [ 144.965583973545137, -37.791643113184556 ], [ 144.966686190939953, -37.791513683485348 ], [ 144.967799085335997, -37.791470601144425 ], [ 144.968911942755767, -37.791514280925234 ], [ 144.970014049577316, -37.791644302312626 ], [ 144.971094795566273, -37.79185941355702 ], [ 144.972143775917715, -37.792157543713017 ], [ 144.973150891330505, -37.792535822557042 ], [ 144.974106445155883, -37.79299060819347 ], [ 144.975001236688172, -37.793517522084237 ], [ 144.975826649703521, -37.794111491166895 ], [ 144.976574735396326, -37.794766796656809 ], [ 144.977238288916055, -37.795477129066036 ], [ 144.97781091876837, -37.796235648911008 ], [ 144.978287108411422, -37.797035052526446 ], [ 144.978662269452371, -37.7978676423538 ], [ 144.978932785929345, -37.798725401029415 ], [ 144.979096049248511, -37.799600068560238 ], [ 144.979150483436001, -37.800483221845532 ] ] ] } },
{ "type": "Feature", "properties": { "SA2_CODE21": 206041118, "SA2_NAME21": "Docklands", "library_count": 1, "x": 144.94326018944574, "y": -37.817949827019859 }, "geometry": { "type": "Polygon", "coordinates": [ [ [ 144.954618054008051, -37.817954659579669 ], [ 144.954562831441962, -37.818837775828484 ], [ 144.954398754429349, -37.81971234532368 ], [ 144.95412739946201, -37.820569945054949 ], [ 144.953751376464595, -37.821402315173984 ], [ 144.953274303789129, -37.822201438568264 ], [ 144.95270077348215, -37.822959618105891 ], [ 144.952036307153691, -37.823669550806947 ], [ 144.951287302870639, -37.824324398224995 ], [ 144.950460973582267, -37.824917852359057 ], [ 144.94956527767016, -37.825444196459372 ], [ 144.948608842289872, -37.825898360139092 ], [ 144.947600880243982, -37.826275968258585 ], [ 144.946551101188447, -37.826573383110663 ], [ 144.945469618029705, -37.826787739496886 ], [ 144.944366849418145, -37.826916972356955 ], [ 144.943253419281149, -37.826959836682931 ], [ 144.942140054367798, -37.826915919525646 ], [ 144.941037480798201, -37.826785643977132 ], [ 144.93995632061862, -37.826570265090268 ], [ 144.938906989364739, -37.826271857775744 ], [ 144.937899595624657, -37.825893296792593 ], [ 144.93694384357417, -37.825438229026915 ], [ 144.936048939426911, -37.824911038326732 ], [ 144.935223502704702, -37.824316803233238 ], [ 144.934475483184002, -37.823661248017544 ], [ 144.933812084321289, -37.82295068749675 ], [ 144.93323969389445, -37.822191966162535 ], [ 144.932763822527789, -37.821392392210974 ], [ 144.932389050691512, -37.820559667110842 ], [ 144.932118984682489, -37.819701811390651 ], [ 144.931956222007784, -37.818827087360873 ], [ 144.931902326498715, -37.817943919516736 ], [ 144.931957813391278, -37.81706081338951 ], [ 144.932122144510402, -37.816186273628055 ], [ 144.932393733599099, -37.815328722100098 ], [ 144.932769961735573, -37.814496416801411 ], [ 144.933247202684328, -37.813697372353573 ], [ 144.933820857932346, -37.8129392828546 ], [ 144.934485401068031, -37.812229447824251 ], [ 144.935234431072956, -37.811574701955578 ], [ 144.936060734009232, -37.810981349347031 ], [ 144.936956352508105, -37.810455102846809 ], [ 144.937912662388896, -37.810001029091119 ], [ 144.938920455671877, -37.809623499763738 ], [ 144.93997002918664, -37.809326149543999 ], [ 144.94105127792551, -37.809111841146525 ], [ 144.9421537922467, -37.808982637787473 ], [ 144.943266957995121, -37.808939783341025 ], [ 144.94438005858197, -37.808983690376699 ], [ 144.945482378045057, -37.809113936191459 ], [ 144.946563304103279, -37.809329266875025 ], [ 144.947612430218129, -37.809627609369208 ], [ 144.948619655684837, -37.810006091405924 ], [ 144.949575282794342, -37.810461069132934 ], [ 144.950470110134347, -37.810988162162396 ], [ 144.951295521134739, -37.811582295706543 ], [ 144.952043567007507, -37.812237749396729 ], [ 144.952707043283482, -37.812948212317394 ], [ 144.953279559209875, -37.813706843727623 ], [ 144.953755599339388, -37.81450633888705 ], [ 144.954130576716466, -37.81533899935485 ], [ 144.954400877145304, -37.816196807086271 ], [ 144.954563894110407, -37.817071501615061 ], [ 144.954618054008051, -37.817954659579669 ] ] ] } },
{ "type": "Feature", "properties": { "SA2_CODE21": 206041119, "SA2_NAME21": "East Melbourne", "library_count": 1, "x": 144.9814843205688, "y": -37.817136927708738 }, "geometry": { "type": "Polygon", "coordinates": [ [ [ 144.992842064135743, -37.817138142624472 ], [ 144.992787289151096, -37.818021276693415 ], [ 144.992623656590155, -37.818895898678335 ], [ 144.992352738663584, -37.819753585064497 ], [ 144.991977141085698, -37.820586075170176 ], [ 144.991500478109742, -37.821385350728171 ], [ 144.990927337834165, -37.822143713141891 ], [ 144.990263238110174, -37.822853857670808 ], [ 144.98951457347107, -37.823508943828742 ], [ 144.988688553592283, -37.824102661315685 ], [ 144.987793133872373, -37.824629290845479 ], [ 144.986836938804117, -37.825083759282045 ], [ 144.985829178873018, -37.825461688550277 ], [ 144.984779561786098, -37.825759437849335 ], [ 144.983698198887964, -37.825974138758973 ], [ 144.982595507669345, -37.826103722899894 ], [ 144.981482111311237, -37.826146941880005 ], [ 144.980368736237068, -37.826103379333468 ], [ 144.979266108665058, -37.825973454935969 ], [ 144.978184851162325, -37.825758420357595 ], [ 144.97713538020318, -37.825460347192028 ], [ 144.97612780572311, -37.82508210697943 ], [ 144.975171833640786, -37.824627343515921 ], [ 144.974276672291666, -37.824100437718428 ], [ 144.973450943677307, -37.823506465383957 ], [ 144.97270260038843, -37.822851148253086 ], [ 144.972038849002587, -37.82214079885015 ], [ 144.971466080695649, -37.821382259634014 ], [ 144.970989809733851, -37.820582837047375 ], [ 144.970614620438141, -37.819750231102063 ], [ 144.970344123127774, -37.818892461179999 ], [ 144.970180919464951, -37.81801778876639 ], [ 144.97012657752893, -37.817134637860562 ], [ 144.970181616855456, -37.816251513831766 ], [ 144.970345503579551, -37.815376921502491 ], [ 144.970616655723148, -37.814519283247783 ], [ 144.970992458571061, -37.813686857899754 ], [ 144.971469289981741, -37.812887661236957 ], [ 144.972042555383837, -37.812129388824111 ], [ 144.972706732117615, -37.811419341943044 ], [ 144.97345542269025, -37.810764357327393 ], [ 144.974281416429847, -37.810170741374968 ], [ 144.97517675894224, -37.809644209469994 ], [ 144.976132828701736, -37.8091898309969 ], [ 144.977140420038353, -37.808811980573502 ], [ 144.97818983172408, -37.808514295970696 ], [ 144.979270960307815, -37.808299643122524 ], [ 144.98037339730331, -37.808170088561297 ], [ 144.981486529299275, -37.80812687954235 ], [ 144.982599640031538, -37.80817043204874 ], [ 144.983702013440421, -37.808300326790594 ], [ 144.984783036726157, -37.8085153132375 ], [ 144.98583230241519, -37.808813321645424 ], [ 144.986839708460565, -37.809191482962845 ], [ 144.987795555416369, -37.809646156425458 ], [ 144.988690639755788, -37.810172964575102 ], [ 144.989516342436531, -37.810766835367282 ], [ 144.990264711864654, -37.811422050963635 ], [ 144.990928540457986, -37.812132302741759 ], [ 144.99150143407374, -37.812890751994438 ], [ 144.991977873629963, -37.813690095736234 ], [ 144.992353268326895, -37.814522636985259 ], [ 144.992623999951661, -37.815380358845879 ], [ 144.992787457837608, -37.816255001679771 ], [ 144.992842064135743, -37.817138142624472 ] ] ] } },
{ "type": "Feature", "properties": { "SA2_CODE21": 206041125, "SA2_NAME21": "South Yarra - West", "library_count": 1, "x": 144.9818555141687, "y": -37.839469435069617 }, "geometry": { "type": "Polygon", "coordinates": [ [ [ 144.993216617346945, -37.83947061468433 ], [ 144.993161830541027, -37.840353740594708 ], [ 144.992998153915664, -37.841228354835714 ], [ 144.992727160103755, -37.842086033967384 ], [ 144.992351455548373, -37.842918517377989 ], [ 144.991874655531205, -37.843717786865042 ], [ 144.991301349469097, -37.844476143890738 ], [ 144.990637056808737, -37.845186283766708 ], [ 144.989888173940841, -37.845841366051957 ], [ 144.989061912642228, -37.846435080484085 ], [ 144.988166230636693, -37.846961707806742 ], [ 144.987209754943535, -37.847416174905412 ], [ 144.986201698751927, -37.847794103718236 ], [ 144.985151772623453, -37.848091853448949 ], [ 144.984070090880635, -37.84830655567341 ], [ 144.982967074086901, -37.848436141999812 ], [ 144.981853348560804, -37.848479364015112 ], [ 144.980739643898204, -37.848435805324229 ], [ 144.979636689493532, -37.848305885565715 ], [ 144.97855511106377, -37.848090856364855 ], [ 144.977505328175937, -37.847792789263323 ], [ 144.976497453771316, -37.847414555742674 ], [ 144.97554119665844, -37.846959799534361 ], [ 144.974645767918872, -37.846432901485038 ], [ 144.973819792130058, -37.845838937316778 ], [ 144.973071224263265, -37.845183628691196 ], [ 144.972407273058764, -37.844473288050324 ], [ 144.971834331616037, -37.843714757768289 ], [ 144.971357915867799, -37.842915344201501 ], [ 144.970982611527887, -37.842082747274617 ], [ 144.970712030021758, -37.841224986282491 ], [ 144.970548773820525, -37.840350322624232 ], [ 144.970494411507275, -37.839467180214669 ], [ 144.970549462811675, -37.838584064341234 ], [ 144.97071339375114, -37.83770947974795 ], [ 144.970984621919627, -37.836851848735471 ], [ 144.971360531867845, -37.836019430066301 ], [ 144.971837500421003, -37.835220239454969 ], [ 144.972410931685488, -37.834461972408114 ], [ 144.973075301403156, -37.833751930156275 ], [ 144.973824210222034, -37.833096949388796 ], [ 144.974650445368042, -37.832503336466836 ], [ 144.975546050122375, -37.831976806745736 ], [ 144.976502400434441, -37.831522429589235 ], [ 144.977510287933427, -37.831144579602771 ], [ 144.978560008540512, -37.830846894553403 ], [ 144.979641455831228, -37.830632240379529 ], [ 144.980744218252028, -37.830502683626449 ], [ 144.981857679259747, -37.830459471570713 ], [ 144.982971119423866, -37.830503020224647 ], [ 144.984073819514435, -37.830632910335432 ], [ 144.985155163587592, -37.830847891417115 ], [ 144.98620474108256, -37.83114589377719 ], [ 144.987212446951219, -37.831524048422118 ], [ 144.988168578861718, -37.831978714651605 ], [ 144.989063930543978, -37.832505515076804 ], [ 144.989889880381838, -37.833099377727265 ], [ 144.990638474401237, -37.833754584842715 ], [ 144.991302502856996, -37.83446482788203 ], [ 144.991875569680786, -37.835223268221903 ], [ 144.992352154121619, -37.836022602962288 ], [ 144.992727663982947, -37.836855135207855 ], [ 144.992998479941122, -37.837712848149344 ], [ 144.99316199051529, -37.838587482234317 ], [ 144.993216617346945, -37.83947061468433 ] ] ] } },
{ "type": "Feature", "properties": { "SA2_CODE21": 206041503, "SA2_NAME21": "Melbourne CBD - East", "library_count": 2, "x": 144.96858928984983, "y": -37.812815699130674 }, "geometry": { "type": "Polygon", "coordinates": [ [ [ 144.979946383362602, -37.812818134507708 ], [ 144.979891460719045, -37.813701264278102 ], [ 144.979727688176837, -37.814575870252519 ], [ 144.979456639295506, -37.815433529069971 ], [ 144.979080921051406, -37.816265980313908 ], [ 144.978604148860796, -37.817065206091009 ], [ 144.978030911875038, -37.817823508283823 ], [ 144.977366728877826, -37.818533582731476 ], [ 144.976617995205601, -37.819188589622591 ], [ 144.975791921199573, -37.819782219420368 ], [ 144.97489646278072, -37.8203087536832 ], [ 144.973940244815253, -37.820763120192467 ], [ 144.972932478009938, -37.821140941854843 ], [ 144.971882870138529, -37.821438578905955 ], [ 144.970801532457187, -37.82165316400684 ], [ 144.969698882213891, -37.821782629893868 ], [ 144.968585542194916, -37.821825729314099 ], [ 144.967472238280806, -37.82178204705351 ], [ 144.966369696003852, -37.821652003941139 ], [ 144.965288537109046, -37.821436852790761 ], [ 144.964239177120277, -37.821138666319072 ], [ 144.963231724903181, -37.82076031715777 ], [ 144.962275885197954, -37.820305450152567 ], [ 144.961380865064058, -37.819778447217736 ], [ 144.960555285142021, -37.819184385086032 ], [ 144.959807096589401, -37.818528986362885 ], [ 144.95914350449263, -37.81781856435844 ], [ 144.95857089849261, -37.817059962230651 ], [ 144.95809479129187, -37.816260487028082 ], [ 144.957719765633612, -37.815427839268992 ], [ 144.957449430260937, -37.81457003873777 ], [ 144.957286385276348, -37.813695347214043 ], [ 144.957232197231122, -37.812812188880848 ], [ 144.957287384179239, -37.811929069178589 ], [ 144.957451410834551, -37.811054492887642 ], [ 144.957722693872142, -37.810196882228254 ], [ 144.958098617317177, -37.809364495766317 ], [ 144.958575557867562, -37.808565348905631 ], [ 144.959148919902049, -37.807807136730887 ], [ 144.959813179831343, -37.807097159943652 ], [ 144.960561939362577, -37.806442254602246 ], [ 144.961387987160748, -37.805848726340976 ], [ 144.962283368312086, -37.805322289699461 ], [ 144.963239460919709, -37.804868013144805 ], [ 144.964247059094248, -37.804490270313401 ], [ 144.96529646154238, -37.804192697940202 ], [ 144.966377564902189, -37.803978160878629 ], [ 144.967479960930632, -37.803848724546221 ], [ 144.968593036610685, -37.803805635060094 ], [ 144.969706076220234, -37.803849307252563 ], [ 144.970808364384084, -37.803979320681442 ], [ 144.971889289122601, -37.804194423673756 ], [ 144.972938443910465, -37.804492545363445 ], [ 144.973945727767784, -37.804870815608346 ], [ 144.974901442424283, -37.805325592595459 ], [ 144.975796385626069, -37.805852497869864 ], [ 144.976621939689153, -37.806446458451873 ], [ 144.977370154449602, -37.80710175563852 ], [ 144.978033823813888, -37.807812080021634 ], [ 144.97860655517178, -37.808570592194812 ], [ 144.979082831003296, -37.809369988566424 ], [ 144.979458062084831, -37.810202571647601 ], [ 144.979728631779011, -37.811060324139511 ], [ 144.979891930978482, -37.811934986108632 ], [ 144.979946383362602, -37.812818134507708 ] ] ] } },
{ "type": "Feature", "properties": { "SA2_CODE21": 206041509, "SA2_NAME21": "Southbank - East", "library_count": 1, "x": 144.96613381399595, "y": -37.826394812458261 }, "geometry": { "type": "Polygon", "coordinates": [ [ [ 144.97749294974966, -37.826397480117805 ], [ 144.977437988535655, -37.827280603732355 ], [ 144.97727415812426, -37.828155201370762 ], [ 144.977003032630961, -37.829012849752388 ], [ 144.976627219768829, -37.829845288561124 ], [ 144.976150335864446, -37.830644500023546 ], [ 144.975576971144278, -37.831402786160155 ], [ 144.974912645621743, -37.832112842964847 ], [ 144.974163756005595, -37.832767830796371 ], [ 144.973337514139018, -37.83336144030168 ], [ 144.972441877559788, -37.833887953234793 ], [ 144.971485472850617, -37.834342297582744 ], [ 144.970477512517505, -37.834720096465915 ], [ 144.969427706198957, -37.835017710339429 ], [ 144.968346167063515, -37.835232272087786 ], [ 144.967243314300589, -37.835361714672409 ], [ 144.966129772648173, -37.835404791064924 ], [ 144.965016269930061, -37.835361086273146 ], [ 144.963913533594479, -37.835231021343176 ], [ 144.962832187256595, -37.835015849298912 ], [ 144.961782648246555, -37.834717643058227 ], [ 144.960775027155023, -37.834339275443121 ], [ 144.95981903034928, -37.833884391476936 ], [ 144.958923866402216, -37.833357373237114 ], [ 144.958098157339521, -37.832763297603606 ], [ 144.957349855562455, -37.832107887311686 ], [ 144.956686167247511, -37.831397455782678 ], [ 144.956113482961655, -37.830638846266098 ], [ 144.955637316160448, -37.829839365881327 ], [ 144.955262250160132, -37.829006715196435 ], [ 144.954991894091108, -37.828148914023693 ], [ 144.954828848253896, -37.827274224148823 ], [ 144.954774679206594, -37.826391069738783 ], [ 144.954829904818837, -37.825507956196113 ], [ 144.95499398943079, -37.824633388241857 ], [ 144.955265349158083, -37.823775788015908 ], [ 144.955641367286205, -37.822943413983779 ], [ 144.956118419600358, -37.822144281429573 ], [ 144.956691909402139, -37.821386085300347 ], [ 144.957356311871308, -37.820676126143297 ], [ 144.958105227342116, -37.820021239847165 ], [ 144.958931442977814, -37.819427731862966 ], [ 144.959827002248602, -37.818901316535374 ], [ 144.960783281542746, -37.818447062126381 ], [ 144.961791073173856, -37.818069342059317 ], [ 144.962840673986534, -37.817771792850166 ], [ 144.96392197870972, -37.817557279129453 ], [ 144.965024577162353, -37.817427866090085 ], [ 144.96613785437944, -37.817384799624996 ], [ 144.967251092699286, -37.81742849434486 ], [ 144.968353574834339, -37.817558529590677 ], [ 144.9694346869382, -37.817773653479279 ], [ 144.97048402068225, -37.818071794943371 ], [ 144.971491473364011, -37.818450083650269 ], [ 144.97244734508817, -37.818904877609079 ], [ 144.9733424320886, -37.819431798201229 ], [ 144.974168115296607, -37.820025772299381 ], [ 144.974916443304608, -37.820681081070148 ], [ 144.975580208927965, -37.821391414993656 ], [ 144.976153018628878, -37.822149934571293 ], [ 144.976629354132086, -37.822949336139928 ], [ 144.977004625638273, -37.823781922160485 ], [ 144.977275216119494, -37.824639675305555 ], [ 144.977438516267, -37.825514335635191 ], [ 144.97749294974966, -37.826397480117805 ] ] ] } },
{ "type": "Feature", "properties": { "SA2_CODE21": 206051128, "SA2_NAME21": "Albert Park", "library_count": 1, "x": 144.96404200208704, "y": -37.845618490169016 }, "geometry": { "type": "Polygon", "coordinates": [ [ [ 144.975404030307374, -37.845621355643168 ], [ 144.975349030660908, -37.846504471090569 ], [ 144.975185134328285, -37.847379058732081 ], [ 144.974913916058171, -37.848236695383285 ], [ 144.974537984455395, -37.849069120841172 ], [ 144.974060956988723, -37.849868317461031 ], [ 144.973487425266057, -37.850626587406502 ], [ 144.972822910908377, -37.851336626827653 ], [ 144.972073812442687, -37.851991596250919 ], [ 144.971247343723405, -37.852585186500832 ], [ 144.970351464473396, -37.853111679517134 ], [ 144.96939480361317, -37.853566003479024 ], [ 144.9683865761167, -37.85394378170345 ], [ 144.967336494196701, -37.854241374844833 ], [ 144.966254673677611, -37.854455915987558 ], [ 144.965151536460468, -37.854585338291656 ], [ 144.964037710024655, -37.854628394924234 ], [ 144.962923924938508, -37.854584671083543 ], [ 144.961820911371547, -37.854454587999108 ], [ 144.960739295610693, -37.854239398869652 ], [ 144.959689497582332, -37.853941176777518 ], [ 144.958681630373121, -37.853562794697226 ], [ 144.957725402721621, -37.853107897791205 ], [ 144.956830025424665, -37.852580868261313 ], [ 144.956004122563087, -37.851986783095938 ], [ 144.955255648404489, -37.85133136512183 ], [ 144.954591810785132, -37.850620927834029 ], [ 144.954019001709156, -37.849862314537155 ], [ 144.953542735832883, -37.849062832386771 ], [ 144.953167597425249, -37.848230181967565 ], [ 144.952897196312477, -37.847372383089102 ], [ 144.952734133226983, -37.846497697514764 ], [ 144.952679974891112, -37.845614549369984 ], [ 144.952735239069369, -37.844731443996828 ], [ 144.952899389728572, -37.843856886037614 ], [ 144.953170842346509, -37.842999297536053 ], [ 144.953546979312421, -37.842166936844791 ], [ 144.954024175265602, -37.84136781911964 ], [ 144.954597832123284, -37.84060963916501 ], [ 144.955262423455594, -37.839899697372559 ], [ 144.956011547777507, -37.839244829464064 ], [ 144.956837990240928, -37.838651340713824 ], [ 144.957733792131904, -37.838124945281507 ], [ 144.95869032750295, -37.837670711237799 ], [ 144.95969838620249, -37.837293011810303 ], [ 144.960748262504495, -37.836995483316429 ], [ 144.961829848486474, -37.836780990187457 ], [ 144.962932731260423, -37.836651597418189 ], [ 144.96404629312508, -37.836608550706515 ], [ 144.965159813679435, -37.836652264472953 ], [ 144.966262572919732, -37.836782317875084 ], [ 144.96734395433279, -37.836997458854881 ], [ 144.968393546997987, -37.837295616180384 ], [ 144.969401245720718, -37.83767391936599 ], [ 144.970357348237201, -37.838128726281155 ], [ 144.971252648559528, -37.838655658182347 ], [ 144.97207852556491, -37.839249641832943 ], [ 144.972827025979399, -37.839904958307386 ], [ 144.973490940957731, -37.840615298011215 ], [ 144.974063875522944, -37.841373821389901 ], [ 144.974540310196204, -37.842173224743377 ], [ 144.974915654221746, -37.843005810515045 ], [ 144.975186289871658, -37.843863561379756 ], [ 144.975349607400346, -37.844738217419263 ], [ 144.975404030307374, -37.845621355643168 ] ] ] } },
{ "type": "Feature", "properties": { "SA2_CODE21": 206051130, "SA2_NAME21": "Port Melbourne", "library_count": 1, "x": 144.93499934993434, "y": -37.838055092177015 }, "geometry": { "type": "Polygon", "coordinates": [ [ [ 144.946360238510408, -37.838060706377433 ], [ 144.946304904647263, -37.838943811325706 ], [ 144.946140688281133, -37.839818362097851 ], [ 144.945869167244183, -37.840675935863644 ], [ 144.945492953058874, -37.841508273024886 ], [ 144.945015665917396, -37.842307356786385 ], [ 144.944441899930808, -37.84306549039804 ], [ 144.943777178978593, -37.84377537132238 ], [ 144.943027903579832, -37.844430161611847 ], [ 144.942201289295269, -37.845023553815928 ], [ 144.941305297252001, -37.845549831781653 ], [ 144.940348557458691, -37.846003925759362 ], [ 144.939340285651184, -37.846381461281261 ], [ 144.938290194470369, -37.846678801339564 ], [ 144.93720839983061, -37.846893081456599 ], [ 144.936105323384197, -37.847022237306966 ], [ 144.934991592025227, -37.847065024624712 ], [ 144.933877935405832, -37.847021031202566 ], [ 144.93277508245734, -37.84689068086724 ], [ 144.931693657918402, -37.846675229392062 ], [ 144.930644079872053, -37.846376752386789 ], [ 144.929636459284325, -37.845998125281639 ], [ 144.928680502516414, -37.845542995599445 ], [ 144.927785417753938, -37.845015747784338 ], [ 144.926959826257985, -37.844421460927272 ], [ 144.926211679295221, -37.843765859797657 ], [ 144.925548181548521, -37.843055259654406 ], [ 144.924975721746847, -37.842296505370392 ], [ 144.924499811181136, -37.841496905458648 ], [ 144.92412503069724, -37.840664161637498 ], [ 144.923854986673376, -37.839806294615379 ], [ 144.923692276402619, -37.838931566811205 ], [ 144.923638463209642, -37.838048402756272 ], [ 144.923694061535514, -37.837165307945035 ], [ 144.923858532130026, -37.836290786917154 ], [ 144.924130287391279, -37.835433261359789 ], [ 144.924506706795569, -37.834600989018547 ], [ 144.924984162264337, -37.833801984197585 ], [ 144.92555805321777, -37.833043940613386 ], [ 144.926222850973971, -37.832334157343709 ], [ 144.926972152062376, -37.831679468583339 ], [ 144.927798739934929, -37.831086177881033 ], [ 144.928694654479585, -37.830559997489111 ], [ 144.929651268665907, -37.830105993407543 ], [ 144.930659371585023, -37.829728536649462 ], [ 144.931709257086368, -37.829431261195779 ], [ 144.932790817159685, -37.829217029041494 ], [ 144.933893639166968, -37.829087902668782 ], [ 144.935007105992042, -37.829045125210818 ], [ 144.936120498148711, -37.829089108495936 ], [ 144.937223096868792, -37.829219429086997 ], [ 144.938304287183456, -37.829434832353748 ], [ 144.939353660010795, -37.829733244539035 ], [ 144.940361112271262, -37.830111792703633 ], [ 144.941316944072327, -37.83056683235835 ], [ 144.942211952030817, -37.831093982518794 ], [ 144.943037517837155, -37.831688167846764 ], [ 144.9437856912119, -37.832343667474596 ], [ 144.944449266457241, -37.833054170044051 ], [ 144.945021851865903, -37.833812834431924 ], [ 144.945497931320006, -37.834612355579871 ], [ 144.945872917483399, -37.835445034796408 ], [ 144.946143196073706, -37.836302853855777 ], [ 144.946306160783536, -37.837177552182283 ], [ 144.946360238510408, -37.838060706377433 ] ] ] } },
{ "type": "Feature", "properties": { "SA2_CODE21": 206051512, "SA2_NAME21": "South Melbourne", "library_count": 1, "x": 144.95971440710315, "y": -37.834657064798456 }, "geometry": { "type": "Polygon", "coordinates": [ [ [ 144.971074785662552, -37.834660339938139 ], [ 144.971019743363485, -37.835543457524786 ], [ 144.970855820675581, -37.836418043341375 ], [ 144.970584592602421, -37.837275674220884 ], [ 144.970208667844389, -37.838108090015766 ], [ 144.969731663805419, -37.838907273174044 ], [ 144.969158171868798, -37.83966552598887 ], [ 144.968493713273176, -37.84037554477505 ], [ 144.967744686009098, -37.841030490257502 ], [ 144.966918303245819, -37.841624053491181 ], [ 144.966022523878678, -37.842150516675858 ], [ 144.965065975866167, -37.842604808277841 ], [ 144.964057873095271, -37.842982551925694 ], [ 144.963007926577149, -37.843280108606741 ], [ 144.961926250831567, -37.843494611756505 ], [ 144.960823266364486, -37.843623994900952 ], [ 144.95970959918327, -37.843667011584394 ], [ 144.95859597832154, -37.843623247389914 ], [ 144.957493132366011, -37.843493123935843 ], [ 144.956411685988257, -37.843277894809844 ], [ 144.955362057482319, -37.842979633479665 ], [ 144.954354358301146, -37.84260121329789 ], [ 144.953398295564142, -37.842146279794164 ], [ 144.952503078479083, -37.841619215522947 ], [ 144.951677329583191, -37.841025097807432 ], [ 144.95092900166091, -37.840369649788073 ], [ 144.950265301139865, -37.839659185249381 ], [ 144.949692618703892, -37.838900547758548 ], [ 144.94921646778991, -37.838101044704231 ], [ 144.94884143156014, -37.837268376872508 ], [ 144.948571118857359, -37.836410564240623 ], [ 144.948408129563489, -37.835535868704341 ], [ 144.948354029691075, -37.834652714484996 ], [ 144.948409336442722, -37.83376960698304 ], [ 144.948573513376346, -37.832895050861119 ], [ 144.948844975717918, -37.832037468145117 ], [ 144.949221105764082, -37.831205117131709 ], [ 144.949698278221973, -37.830406012883323 ], [ 144.950271895235943, -37.829647850074338 ], [ 144.950936430760777, -37.82893792893109 ], [ 144.951685483849445, -37.828283084976306 ], [ 144.952511840340435, -37.827689623253356 ], [ 144.953407542347918, -37.82716325766151 ], [ 144.954363964886397, -37.826709055983969 ], [ 144.955371898890661, -37.82633139113647 ], [ 144.956421639835213, -37.826033899103393 ], [ 144.957503081100384, -37.825819443964868 ], [ 144.958605811191148, -37.825690090349866 ], [ 144.959719213875672, -37.82564708357927 ], [ 144.960832570284822, -37.825690837689066 ], [ 144.961935161994603, -37.825820931448469 ], [ 144.963016374103972, -37.826036112410932 ], [ 144.964065797321723, -37.826334308959666 ], [ 144.965073328084003, -37.826712650231556 ], [ 144.966029265743686, -37.827167493729434 ], [ 144.966924405899562, -37.827694460357712 ], [ 144.967750128970806, -37.828288476545559 ], [ 144.968498483165433, -37.828943823054161 ], [ 144.96916226104608, -37.829654190000056 ], [ 144.96973506895614, -37.830412737566419 ], [ 144.970211388636784, -37.831212161820403 ], [ 144.970586630440067, -37.832044765004156 ], [ 144.97085717762323, -37.83290252962481 ], [ 144.971020421293446, -37.833777195631633 ], [ 144.971074785662552, -37.834660339938139 ] ] ] } },
{ "type": "Feature", "properties": { "SA2_CODE21": 206061136, "SA2_NAME21": "Prahran - Windsor", "library_count": 1, "x": 144.99804680684929, "y": -37.85283789399486 }, "geometry": { "type": "Polygon", "coordinates": [ [ [ 145.009409922061764, -37.852837541136076 ], [ 145.009355315007753, -37.853720669373658 ], [ 145.009191797031406, -37.854595300676223 ], [ 145.008920939235992, -37.855453011439984 ], [ 145.008545346752896, -37.856285540749155 ], [ 145.008068633782614, -37.857084869959742 ], [ 145.007495388901816, -37.857843299959221 ], [ 145.006831130966219, -37.858553525356896 ], [ 145.006082256030453, -37.859208704888488 ], [ 145.005255975793489, -37.859802527355328 ], [ 145.004360248160395, -37.86032927246081 ], [ 145.003403700589018, -37.860783865956144 ], [ 145.002395546960258, -37.86116192856214 ], [ 145.001345498773873, -37.861459818193921 ], [ 145.000263671528188, -37.861674665079697 ], [ 144.999160487188362, -37.861804399434227 ], [ 144.99804657368756, -37.861847771418418 ], [ 144.996932662433039, -37.861804363192441 ], [ 144.9958294848104, -37.86167459294527 ], [ 144.994747668687978, -37.861459710861759 ], [ 144.993697635923724, -37.861161787066301 ], [ 144.992689501867176, -37.860783691659705 ], [ 144.991732977829429, -37.860329067042855 ], [ 144.990837277464379, -37.859802292794718 ], [ 144.990011027967029, -37.859208443444778 ], [ 144.989262186946092, -37.858553239548556 ], [ 144.98859796577355, -37.857842992539318 ], [ 144.988024760149756, -37.857084543889485 ], [ 144.987548088552103, -37.856285199169285 ], [ 144.987172539158507, -37.855452657640527 ], [ 144.986901725754251, -37.854594938064814 ], [ 144.986738253043171, -37.853720301442685 ], [ 144.986683691692491, -37.852837171429044 ], [ 144.986738563347558, -37.851954053192465 ], [ 144.986902335754394, -37.851079451500176 ], [ 144.987173428032065, -37.850221788818061 ], [ 144.987549226038112, -37.849389324214179 ], [ 144.988026107673988, -37.848590073845941 ], [ 144.98859947788128, -37.847831733795971 ], [ 144.989263812988071, -37.847121605998289 ], [ 144.990012713974011, -37.846466527966442 ], [ 144.990838968139087, -37.845872806998536 ], [ 144.991734618580153, -37.845346159490603 ], [ 144.992691040805795, -37.844891655940849 ], [ 144.993699025752079, -37.844513672171871 ], [ 144.994748868401615, -37.844215847238921 ], [ 144.995830461154782, -37.844001048427423 ], [ 144.996933391057809, -37.843871343675133 ], [ 144.998047039955367, -37.843827981683617 ], [ 144.999160686608803, -37.843871379908606 ], [ 145.000263609800953, -37.844001120545506 ], [ 145.001345191441175, -37.844215954547366 ], [ 145.002395018682449, -37.844513813637533 ], [ 145.003402984073375, -37.844891830201796 ], [ 145.004359382784628, -37.845346364869108 ], [ 145.005255005978512, -37.845873041517272 ], [ 145.006081229425689, -37.846466789367469 ], [ 145.006830096518541, -37.847121891764779 ], [ 145.007494394883082, -37.847832041176424 ], [ 145.008067725852641, -37.848590399880713 ], [ 145.00854456613277, -37.84938966576388 ], [ 145.008920321063187, -37.850222142593786 ], [ 145.009191368959961, -37.851079814095229 ], [ 145.009355096107868, -37.851954421115103 ], [ 145.009409922061764, -37.852837541136076 ] ] ] } },
{ "type": "Feature", "properties": { "SA2_CODE21": 206071143, "SA2_NAME21": "Fitzroy North", "library_count": 1, "x": 144.98432310444261, "y": -37.784032025688568 }, "geometry": { "type": "Polygon", "coordinates": [ [ [ 144.995675871580119, -37.784032972181329 ], [ 144.995621153719696, -37.784916119641231 ], [ 144.99545762566305, -37.785790757478971 ], [ 144.995186858617586, -37.786648462027095 ], [ 144.994811456847373, -37.787480972428831 ], [ 144.994335032722347, -37.788280270221229 ], [ 144.993762172042665, -37.789038656593249 ], [ 144.993098389968253, -37.789748826573152 ], [ 144.992350077974038, -37.790403939429218 ], [ 144.991524442339312, -37.790997684603774 ], [ 144.990629434761701, -37.791524342543546 ], [ 144.989673675763584, -37.791978839838279 ], [ 144.988666371629108, -37.79235679813447 ], [ 144.987617225673404, -37.792654576351225 ], [ 144.986536344701079, -37.792869305789438 ], [ 144.985434141558642, -37.792998917794719 ], [ 144.984321234723296, -37.793042163706424 ], [ 144.983208345900835, -37.792998626899163 ], [ 144.982106196623192, -37.792868726800748 ], [ 144.981025404848168, -37.792653714847297 ], [ 144.979976382562029, -37.792355662414764 ], [ 144.97896923537678, -37.791977440843908 ], [ 144.978013665094124, -37.791522693751716 ], [ 144.977118876178537, -37.790995801897786 ], [ 144.976293487044188, -37.790401840945421 ], [ 144.975545447012195, -37.789746532526003 ], [ 144.974881959740202, -37.789036189080548 ], [ 144.974309413861704, -37.788277653011029 ], [ 144.973833321502639, -37.787478230730422 ], [ 144.973458265266146, -37.786645622248002 ], [ 144.973187854192872, -37.785787846970543 ], [ 144.973024689117494, -37.78491316643516 ], [ 144.972970337750979, -37.784030004719597 ], [ 144.973025319723234, -37.783146867297411 ], [ 144.973189101724927, -37.782272259120056 ], [ 144.973460102789687, -37.781414602715166 ], [ 144.973835709660165, -37.780582157089476 ], [ 144.97431230208457, -37.779782938216549 ], [ 144.974885287795104, -37.779024641874614 ], [ 144.975549146826978, -37.778314569575635 ], [ 144.976297484747818, -37.777659558297444 ], [ 144.977123094281922, -37.777065914694191 ], [ 144.978018024734837, -37.77653935441581 ], [ 144.978973658547915, -37.776084947119507 ], [ 144.979980794247865, -37.775707067700118 ], [ 144.981029734992404, -37.775409354207405 ], [ 144.982110381863038, -37.775194672853175 ], [ 144.983212331009696, -37.775065090443938 ], [ 144.984324973716014, -37.775021854503031 ], [ 144.985437598426643, -37.775065381272611 ], [ 144.986539493759238, -37.775195251710628 ], [ 144.987620051514966, -37.775410215520822 ], [ 144.988668868700842, -37.775708203177317 ], [ 144.989675847586682, -37.776086345828716 ], [ 144.990631292838486, -37.776541002890809 ], [ 144.99152600479664, -37.777067797063822 ], [ 144.992351368004421, -37.777661656438298 ], [ 144.99309943413698, -37.778316863286406 ], [ 144.993762998533697, -37.779027109070483 ], [ 144.994335669597234, -37.779785555141586 ], [ 144.994811930390824, -37.780584898545392 ], [ 144.995187191838511, -37.781417442303741 ], [ 144.995457837013447, -37.78227516949724 ], [ 144.995621256084632, -37.783149820436556 ], [ 144.995675871580119, -37.784032972181329 ] ] ] } },
{ "type": "Feature", "properties": { "SA2_CODE21": 207011149, "SA2_NAME21": "Camberwell", "library_count": 1, "x": 145.07401397797918, "y": -37.838424956772279 }, "geometry": { "type": "Polygon", "coordinates": [ [ [ 145.085374919445911, -37.838417414308317 ], [ 145.085321211426191, -37.839300582261281 ], [ 145.085158604792269, -37.840175322141434 ], [ 145.084888661870366, -37.841033209301436 ], [ 145.084513978979601, -37.841865981128713 ], [ 145.084038161557856, -37.842665616645313 ], [ 145.083465789553287, -37.843424413790189 ], [ 145.082802373410715, -37.844135063637658 ], [ 145.082054301072418, -37.844790720836308 ], [ 145.081228776501973, -37.845385069587223 ], [ 145.080333750320705, -37.845912384524958 ], [ 145.079377843224933, -37.846367585911992 ], [ 145.078370262921254, -37.846746288613588 ], [ 145.077320715382342, -37.847044844378644 ], [ 145.076239311280005, -37.847260377018259 ], [ 145.075136468500176, -37.847390810140766 ], [ 145.074022811683363, -37.847434887175289 ], [ 145.072909069762801, -37.847392183489617 ], [ 145.071805972492427, -37.847263110485315 ], [ 145.070724146967137, -37.847048911630196 ], [ 145.069674015136997, -37.846751650466842 ], [ 145.06866569330839, -37.846374190712901 ], [ 145.067708894604465, -37.845920168646281 ], [ 145.066812835329131, -37.845393958042095 ], [ 145.06598614613921, -37.844800628001217 ], [ 145.065236788883851, -37.844145894077876 ], [ 145.064571979912898, -37.84343606317978 ], [ 145.063998120593823, -37.842677972772798 ], [ 145.063520735705481, -37.841878924978424 ], [ 145.063144420300858, -37.841046616200551 ], [ 145.062872795547378, -37.840189062961244 ], [ 145.062708473966694, -37.839314524661269 ], [ 145.062653034404349, -37.838431424011006 ], [ 145.062707006965383, -37.837548265898533 ], [ 145.062869868055458, -37.836673555477446 ], [ 145.063140045569753, -37.835815716262928 ], [ 145.063514934173895, -37.834983009025095 ], [ 145.063990920524532, -37.834183452259708 ], [ 145.064563418181706, -37.833424745001487 ], [ 145.065226911871804, -37.832714192721788 ], [ 145.065975010672446, -37.832058637022591 ], [ 145.066800509603098, -37.831464389802221 ], [ 145.06769545902776, -37.830937172524365 ], [ 145.068651241199916, -37.830482061173505 ], [ 145.069658653213622, -37.83010343742437 ], [ 145.070707995563509, -37.829804946493958 ], [ 145.071789165463088, -37.829589462079632 ], [ 145.072891754026671, -37.829459058719713 ], [ 145.074005146383172, -37.829414991841396 ], [ 145.075118623762393, -37.829457685686556 ], [ 145.076221466576584, -37.829586729231814 ], [ 145.077303057509511, -37.82980088014142 ], [ 145.078352983626246, -37.830098076715359 ], [ 145.079361136525989, -37.830475457718066 ], [ 145.080317809577309, -37.830929389898039 ], [ 145.081213791305146, -37.831455502934439 ], [ 145.08204045403275, -37.832048731475894 ], [ 145.082789836927873, -37.832703363868667 ], [ 145.083454722655375, -37.833413097106899 ], [ 145.084028706898096, -37.834171097477721 ], [ 145.084506260076438, -37.83497006631962 ], [ 145.084882780670085, -37.835802310262828 ], [ 145.085154639626353, -37.836659815276889 ], [ 145.085319215423254, -37.837534323814246 ], [ 145.085374919445911, -37.838417414308317 ] ] ] } },
{ "type": "Feature", "properties": { "SA2_CODE21": 207021157, "SA2_NAME21": "Doncaster", "library_count": 1, "x": 145.12387154649505, "y": -37.784826459087043 }, "geometry": { "type": "Polygon", "coordinates": [ [ [ 145.13522442156173, -37.784814198099269 ], [ 145.135171334368522, -37.785697407985467 ], [ 145.135009420291425, -37.786572234847682 ], [ 145.134740234991085, -37.787430253202182 ], [ 145.134366367493101, -37.788263199173883 ], [ 145.133891415384397, -37.789063050108389 ], [ 145.133319950280139, -37.789822101870342 ], [ 145.132657473890134, -37.790533043082014 ], [ 145.131910365104147, -37.791189025585552 ], [ 145.131085818602742, -37.791783730448529 ], [ 145.130191775583455, -37.792311428874939 ], [ 145.129236847268686, -37.792767037432846 ], [ 145.128230231932889, -37.793146167064684 ], [ 145.127181626248984, -37.793445165406212 ], [ 145.126101131811453, -37.793661152004503 ], [ 145.124999157738984, -37.793792046094318 ], [ 145.12388632029959, -37.793836586663666 ], [ 145.122773340529648, -37.793794344614611 ], [ 145.121670940838158, -37.793665726901459 ], [ 145.120589741597882, -37.793451972606086 ], [ 145.119540158724533, -37.793155140988787 ], [ 145.118532303236037, -37.792778091629813 ], [ 145.117575883764147, -37.792324456854324 ], [ 145.116680112961404, -37.791798606707729 ], [ 145.115853618708854, -37.79120560681978 ], [ 145.115104360981661, -37.790551169565902 ], [ 145.114439555175721, -37.789841598997668 ], [ 145.113865602633354, -37.789083730075106 ], [ 145.113388029037367, -37.788284862788167 ], [ 145.113011431264596, -37.787452691803999 ], [ 145.11273943320856, -37.78659523231935 ], [ 145.112574650992741, -37.785720742833824 ], [ 145.112518667905164, -37.784837645589391 ], [ 145.112572019291179, -37.783954445443008 ], [ 145.11273418754368, -37.783079647954494 ], [ 145.113003607234248, -37.782221677478773 ], [ 145.113377680329705, -37.781388796051019 ], [ 145.113852801342262, -37.780589023845216 ], [ 145.114424392165802, -37.779830061971218 ], [ 145.115086946259169, -37.77911921835247 ], [ 145.115834081746584, -37.778463337396289 ], [ 145.116658602921291, -37.777868734132745 ], [ 145.117552569559052, -37.777341133453412 ], [ 145.118507373372779, -37.776885615033883 ], [ 145.119513820872527, -37.776506564467759 ], [ 145.120562221835229, -37.776207631080808 ], [ 145.12164248253373, -37.775991692829805 ], [ 145.122744202831768, -37.775860828622022 ], [ 145.123856776213756, -37.775816298321118 ], [ 145.124969491790921, -37.775858530630423 ], [ 145.126071637306978, -37.775987118969859 ], [ 145.127152602157054, -37.776200825386418 ], [ 145.128201979432902, -37.776497592459755 ], [ 145.129209666017545, -37.77687456309004 ], [ 145.130165959770181, -37.777328107977567 ], [ 145.131061652869533, -37.777853860531273 ], [ 145.131888120420712, -37.778446758871873 ], [ 145.132637403474575, -37.779101094526311 ], [ 145.133302285662069, -37.77981056734744 ], [ 145.13387636270545, -37.780568346131638 ], [ 145.134354104137486, -37.78136713435287 ], [ 145.134730906631461, -37.782199240382432 ], [ 145.135003138426526, -37.783056651519814 ], [ 145.135168174416805, -37.783931111123309 ], [ 145.13522442156173, -37.784814198099269 ] ] ] } },
{ "type": "Feature", "properties": { "SA2_CODE21": 207031163, "SA2_NAME21": "Box Hill", "library_count": 1, "x": 145.124717516825, "y": -37.829020164366504 }, "geometry": { "type": "Polygon", "coordinates": [ [ [ 145.136077036232166, -37.829007823224735 ], [ 145.136023927941068, -37.829891017260962 ], [ 145.135861928976624, -37.830765829190241 ], [ 145.135592595812568, -37.831623833672815 ], [ 145.135218518894675, -37.832456766967539 ], [ 145.134743297823093, -37.833256606542548 ], [ 145.134171506800357, -37.834015648372485 ], [ 145.133508650672866, -37.83472658117585 ], [ 145.132761111986127, -37.835382556876482 ], [ 145.131936089560298, -37.835977256608167 ], [ 145.131041529176741, -37.83650495162501 ], [ 145.130086047041601, -37.836960558528538 ], [ 145.129078846764855, -37.837339688277723 ], [ 145.128029630655561, -37.837638688507788 ], [ 145.126948506190388, -37.837854678747988 ], [ 145.125845888559383, -37.837985578198321 ], [ 145.124732400232659, -37.838030125795356 ], [ 145.123618768519464, -37.837987892373512 ], [ 145.122515722111785, -37.837859284803955 ], [ 145.121433887614955, -37.837645542070625 ], [ 145.120383687066521, -37.83734872332208 ], [ 145.119375237436515, -37.836971688014202 ], [ 145.118418253081416, -37.836518068336332 ], [ 145.117521952096155, -37.835992234187763 ], [ 145.116694967469016, -37.835399251043533 ], [ 145.115945263898396, -37.834744831117156 ], [ 145.115280061073378, -37.834035278292596 ], [ 145.114705764158685, -37.833277427358354 ], [ 145.114227902151526, -37.832478578130505 ], [ 145.113851074703518, -37.831646425101795 ], [ 145.113578907916718, -37.830788983295591 ], [ 145.113414019535611, -37.829914511040968 ], [ 145.11335799386643, -37.829031430413799 ], [ 145.113411366660074, -37.828148246110885 ], [ 145.113573620098919, -37.827273463539591 ], [ 145.113843187929803, -37.826415506911431 ], [ 145.114217470688942, -37.825582638128537 ], [ 145.114692860865745, -37.824782877243621 ], [ 145.115264777759137, -37.824023925258011 ], [ 145.115927711685487, -37.823313090000568 ], [ 145.116675277109607, -37.822657215798785 ], [ 145.117500274183755, -37.822062617618386 ], [ 145.118394758100891, -37.821535020302662 ], [ 145.11935011559342, -37.821079503495447 ], [ 145.120357147841275, -37.820700452775476 ], [ 145.121406158992642, -37.820401517470501 ], [ 145.122487049447329, -37.820185575556181 ], [ 145.123589413008148, -37.820054705975402 ], [ 145.124702636968777, -37.820010168643741 ], [ 145.125816004179399, -37.820052392332215 ], [ 145.126918796112705, -37.820180970543809 ], [ 145.128000395942649, -37.820394665422725 ], [ 145.129050390649866, -37.820691419659425 ], [ 145.130058671174623, -37.821068376277204 ], [ 145.131015529659095, -37.821521906110775 ], [ 145.131911752845497, -37.822047642713407 ], [ 145.132738710735254, -37.822640524358761 ], [ 145.133488439657583, -37.823294842733887 ], [ 145.134153718948994, -37.824004297857336 ], [ 145.134728140506326, -37.824762058695249 ], [ 145.135206170542403, -37.825560828893856 ], [ 145.135583202948283, -37.826392916997499 ], [ 145.135855603745568, -37.827250310477815 ], [ 145.136020746196863, -37.828124752862884 ], [ 145.136077036232166, -37.829007823224735 ] ] ] } },
{ "type": "Feature", "properties": { "SA2_CODE21": 208041194, "SA2_NAME21": "Malvern - Glen Iris", "library_count": 1, "x": 145.04223893871537, "y": -37.856397314076638 }, "geometry": { "type": "Polygon", "coordinates": [ [ [ 145.053602588025569, -37.856392778781107 ], [ 145.053548495464355, -37.857275925671416 ], [ 145.053385481899682, -37.858150615726998 ], [ 145.053115113575757, -37.85900842477951 ], [ 145.052739990908123, -37.859841090967848 ], [ 145.052263723570093, -37.860640594330881 ], [ 145.051690895843677, -37.861399234079826 ], [ 145.051027022563886, -37.862109702804645 ], [ 145.050278496077425, -37.862765156898149 ], [ 145.049452524723876, -37.863359282517692 ], [ 145.048557063430138, -37.86388635644704 ], [ 145.047600737085759, -37.864341301270329 ], [ 145.046592757438106, -37.864719734324289 ], [ 145.04554283430889, -37.865018009955598 ], [ 145.044461081990107, -37.865233254674095 ], [ 145.043357921723981, -37.865363394861966 ], [ 145.042243981211101, -37.865407176770468 ], [ 145.041129992118897, -37.865364178610619 ], [ 145.040026686583303, -37.865234814620848 ], [ 145.038944693705872, -37.865020331072238 ], [ 145.037894437048834, -37.864722794249808 ], [ 145.036886034120471, -37.864345070526568 ], [ 145.035929198824192, -37.863890798722956 ], [ 145.035033147814886, -37.863364355019428 ], [ 145.034206511667861, -37.862770810761724 ], [ 145.033457251719085, -37.862115883566958 ], [ 145.03279258337858, -37.861405882203712 ], [ 145.032218906656396, -37.860647645779004 ], [ 145.031741744569871, -37.859848477819845 ], [ 145.031365690023108, -37.859016075886544 ], [ 145.031094361668323, -37.858158457397344 ], [ 145.030930369169823, -37.857283882380436 ], [ 145.030875288201514, -37.856400773898756 ], [ 145.030929645412868, -37.85551763691479 ], [ 145.031092913503556, -37.854642976377733 ], [ 145.031363516448096, -37.853785215321516 ], [ 145.031738844814669, -37.852952613762739 ], [ 145.032215281024975, -37.852153189178935 ], [ 145.032788234307361, -37.851394639331374 ], [ 145.033452185001806, -37.850684268175279 ], [ 145.03420073778662, -37.850028915568302 ], [ 145.035026683311486, -37.849434891453058 ], [ 145.035922067642161, -37.848907915144963 ], [ 145.036878268846777, -37.848453060308394 ], [ 145.037886079986919, -37.848074706148466 ], [ 145.03893579771659, -37.847776495286681 ], [ 145.040017315637243, -37.847561298724095 ], [ 145.041120221514319, -37.847431188227944 ], [ 145.042233897423301, -37.847387416405937 ], [ 145.043347621865365, -37.847430404659427 ], [ 145.044450672874945, -37.847559739130674 ], [ 145.045532431131733, -37.847774174682996 ], [ 145.04658248208986, -37.848071646875823 ], [ 145.047590716145919, -37.848449291819847 ], [ 145.048547425886198, -37.848903473722082 ], [ 145.049443399480907, -37.84942981985688 ], [ 145.050270009329608, -37.850023262628035 ], [ 145.051019295107068, -37.850678088318539 ], [ 145.051684040410663, -37.851387992060516 ], [ 145.05225784227261, -37.852146138498526 ], [ 145.052735172866619, -37.85294522756363 ], [ 145.053111432812898, -37.85377756472743 ], [ 145.053382995565869, -37.854635135060697 ], [ 145.053547242453362, -37.855509680385886 ], [ 145.053602588025569, -37.856392778781107 ] ] ] } },
{ "type": "Feature", "properties": { "SA2_CODE21": 209011197, "SA2_NAME21": "Greensborough", "library_count": 1, "x": 145.11388594095578, "y": -37.700069454001145 }, "geometry": { "type": "Polygon", "coordinates": [ [ [ 145.125226096565257, -37.700058138316642 ], [ 145.12517295211029, -37.700941373407773 ], [ 145.125011103822629, -37.701816216142753 ], [ 145.124742106737727, -37.702674240884285 ], [ 145.124368548076518, -37.703507183694811 ], [ 145.123894022458785, -37.70430702194934 ], [ 145.123323097398412, -37.705066051633402 ], [ 145.122661269409093, -37.705776961580533 ], [ 145.121914911139442, -37.706432903932615 ], [ 145.121091210043716, -37.707027560142571 ], [ 145.12019809917777, -37.707555201881632 ], [ 145.119244180785159, -37.708010746262559 ], [ 145.118238643410876, -37.708389804844856 ], [ 145.11719117334178, -37.708688725947667 ], [ 145.116111861229541, -37.708904629861294 ], [ 145.115011104799379, -37.709035436616439 ], [ 145.113899508584723, -37.709079886042083 ], [ 145.112787781659819, -37.70903754991825 ], [ 145.111686634359501, -37.70890883610565 ], [ 145.110606674986911, -37.708694984612379 ], [ 145.109558307509218, -37.708398055635634 ], [ 145.108551631232274, -37.70802090969439 ], [ 145.107596343425257, -37.707567180045224 ], [ 145.106701645837546, -37.707041237648511 ], [ 145.105876156011107, -37.706448149023814 ], [ 145.105127824246381, -37.705793627402493 ], [ 145.10446385702167, -37.705083977649963 ], [ 145.103890647605112, -37.70432603548997 ], [ 145.103413714526027, -37.703527101618882 ], [ 145.103037648497576, -37.702694871345898 ], [ 145.102766068298365, -37.701837360439349 ], [ 145.102601586034865, -37.700962827894465 ], [ 145.102545782114333, -37.700079696368 ], [ 145.102599190165051, -37.699196471046854 ], [ 145.102761292042828, -37.698321657732841 ], [ 145.103030522966918, -37.697463680932692 ], [ 145.103404286730012, -37.696630802741524 ], [ 145.103878980830387, -37.695831043301112 ], [ 145.104450031279526, -37.695072103597077 ], [ 145.105111936745061, -37.694361291338033 ], [ 145.105858321601062, -37.693705450628045 ], [ 145.10668199737151, -37.693110896108067 ], [ 145.107575031973823, -37.692583352199009 ], [ 145.10852882609521, -37.692127898028552 ], [ 145.109534195966319, -37.691748918570461 ], [ 145.110581461737411, -37.691450062464916 ], [ 145.111660540607801, -37.69123420692376 ], [ 145.112761043815681, -37.691103430057389 ], [ 145.113872376558788, -37.69105899088823 ], [ 145.114983839887941, -37.691101317242079 ], [ 145.116084733598115, -37.691230001633677 ], [ 145.117164459131544, -37.691443805185592 ], [ 145.118212621507354, -37.691740669542966 ], [ 145.119219129301655, -37.692117736670099 ], [ 145.120174291719877, -37.692571376339224 ], [ 145.121068911831401, -37.693097221047857 ], [ 145.12189437507152, -37.693690208030482 ], [ 145.122642732161552, -37.694344627961804 ], [ 145.123306775649866, -37.695054179884352 ], [ 145.123880109337676, -37.695812031833853 ], [ 145.124357209919935, -37.696610886580736 ], [ 145.124733480246391, -37.697443051856482 ], [ 145.125005293687394, -37.698300514390532 ], [ 145.125170029173205, -37.699175017046642 ], [ 145.125226096565257, -37.700058138316642 ] ] ] } },
{ "type": "Feature", "properties": { "SA2_CODE21": 209011198, "SA2_NAME21": "Heidelberg - Rosanna", "library_count": 1, "x": 145.06968148377979, "y": -37.745682018498826 }, "geometry": { "type": "Polygon", "coordinates": [ [ [ 145.081028487438886, -37.74567488645954 ], [ 145.08097479453059, -37.746558086144674 ], [ 145.080812337098763, -37.74743285351461 ], [ 145.080542676041887, -37.748290763656769 ], [ 145.080168404972909, -37.749123553736425 ], [ 145.079693125371165, -37.749923202598829 ], [ 145.079121412011631, -37.750682008053154 ], [ 145.078458769000633, -37.751392661092382 ], [ 145.07771157683797, -37.752048316332875 ], [ 145.076887031011836, -37.752642657993128 ], [ 145.075993072717182, -37.753169960774542 ], [ 145.075038312363631, -37.753625145055295 ], [ 145.074031946609921, -37.754003825864139 ], [ 145.072983669726284, -37.754302355159773 ], [ 145.071903580140372, -37.754517857007386 ], [ 145.070802083070504, -37.754648255311317 ], [ 145.069689790188391, -37.754692293835639 ], [ 145.068577417282512, -37.754649548319023 ], [ 145.067475680913105, -37.754520430566181 ], [ 145.066395195059698, -37.754306184476476 ], [ 145.065346368762164, -37.75400887404809 ], [ 145.064339305746415, -37.753631363474234 ], [ 145.063383707006295, -37.753177289523414 ], [ 145.062488777284642, -37.75265102647181 ], [ 145.061663136357055, -37.75205764392679 ], [ 145.060914735976013, -37.751402857949728 ], [ 145.060250783276729, -37.750692975951097 ], [ 145.059677671382644, -37.749934835890222 ], [ 145.059200917878655, -37.74913574036804 ], [ 145.058825111742834, -37.748303386249184 ], [ 145.058553869245088, -37.747445790493153 ], [ 145.058389799233851, -37.746571212910737 ], [ 145.058334478140836, -37.745688076590966 ], [ 145.058388434939417, -37.744804886765429 ], [ 145.058551146196436, -37.743930148892865 ], [ 145.058821041259108, -37.743072286752302 ], [ 145.059195517521715, -37.742239561333776 ], [ 145.059670965619489, -37.741439991307153 ], [ 145.06024280430222, -37.740681275833651 ], [ 145.060905524647495, -37.739970720462374 ], [ 145.0616527431836, -37.739315166823658 ], [ 145.062477263408823, -37.738720926794443 ], [ 145.063371145111972, -37.738193721767772 ], [ 145.06432578082692, -37.737738627608778 ], [ 145.065331978684696, -37.737360025825382 ], [ 145.06638005086711, -37.737061561421982 ], [ 145.067459906813184, -37.73684610783959 ], [ 145.068561150283131, -37.736715739319131 ], [ 145.069673179351042, -37.73667171095191 ], [ 145.070785288366636, -37.736714446608936 ], [ 145.071886770910851, -37.736843534864384 ], [ 145.072967022758462, -37.737057732952515 ], [ 145.074015643862367, -37.73735497871975 ], [ 145.075022538382115, -37.737732410457838 ], [ 145.075978011799037, -37.738186394427807 ], [ 145.076872864186413, -37.738712559811475 ], [ 145.077698478740587, -37.739305840754739 ], [ 145.07844690472254, -37.739960525100727 ], [ 145.079110934013272, -37.740670309344623 ], [ 145.079684170545988, -37.741428359283752 ], [ 145.080161091945939, -37.742227375780473 ], [ 145.080537102782984, -37.743059665007145 ], [ 145.080808578920568, -37.743917212497905 ], [ 145.08097290253167, -37.744791760296863 ], [ 145.081028487438886, -37.74567488645954 ] ] ] } },
{ "type": "Feature", "properties": { "SA2_CODE21": 209021429, "SA2_NAME21": "Preston - West", "library_count": 1, "x": 144.99010383384163, "y": -37.739920008687136 }, "geometry": { "type": "Polygon", "coordinates": [ [ [ 145.001449976787029, -37.73992040838661 ], [ 145.001395358307775, -37.74080357413601 ], [ 145.00123199247659, -37.741678235360858 ], [ 145.000961448942604, -37.74253596816839 ], [ 145.000586329821147, -37.743368511429502 ], [ 145.000110244763192, -37.744167846364498 ], [ 144.999537776305971, -37.744926273804211 ], [ 144.998874435833784, -37.745636488380846 ], [ 144.998126610569585, -37.746291648932626 ], [ 144.997301502105159, -37.746885444441787 ], [ 144.996407057060253, -37.747412154869671 ], [ 144.995451890537993, -37.747866706299739 ], [ 144.994445203114225, -37.748244719856523 ], [ 144.993396692161554, -37.748542553926228 ], [ 144.992316458365508, -37.748757339271272 ], [ 144.991214908335621, -37.748887006698389 ], [ 144.990102654255082, -37.748930307012813 ], [ 144.988990411538623, -37.748886823064971 ], [ 144.987888895491523, -37.748756973773503 ], [ 144.986808717969097, -37.748542010085281 ], [ 144.985760285038253, -37.748244002911598 ], [ 144.984753696632112, -37.747865823157625 ], [ 144.983798649168477, -37.747411114038094 ], [ 144.982904342075159, -37.746884255947428 ], [ 144.982079389125204, -37.746290324224347 ], [ 144.981331735439142, -37.745635040219462 ], [ 144.980668580954756, -37.744924716139373 ], [ 144.980096311102329, -37.74416619420024 ], [ 144.979620435352075, -37.743366780679651 ], [ 144.979245534224248, -37.742534175503245 ], [ 144.978975215269429, -37.741676398046465 ], [ 144.978812078439375, -37.740801709867938 ], [ 144.978757691177378, -37.739918535119358 ], [ 144.9788125734635, -37.739035379400065 ], [ 144.978976192952842, -37.738160747837803 ], [ 144.979246970248255, -37.737303063185436 ], [ 144.979622294251158, -37.736470584721488 ], [ 144.980098547437052, -37.735671328735577 ], [ 144.980671140807658, -37.734912991362833 ], [ 144.981334558178276, -37.73420287450984 ], [ 144.982082409370889, -37.733547815582973 ], [ 144.982907491797249, -37.732954121694519 ], [ 144.983801859838195, -37.732427508977977 ], [ 144.984756901349868, -37.731973047594863 ], [ 144.985763420560488, -37.7315951129602 ], [ 144.986811726561825, -37.731297343654852 ], [ 144.98789172654449, -37.731082606427535 ], [ 144.988993022884188, -37.730952968622361 ], [ 144.99010501314703, -37.730909678295802 ], [ 144.991216992056593, -37.730953152213537 ], [ 144.992318254445564, -37.731082971842405 ], [ 144.993398198206563, -37.731297887375462 ], [ 144.994446426255934, -37.73159582975196 ], [ 144.995452846534164, -37.731973930556883 ], [ 144.996407769084414, -37.732428549609445 ], [ 144.997301999279273, -37.732955309976454 ], [ 144.998126926300841, -37.733549140074658 ], [ 144.998874606024998, -37.73420432245878 ], [ 144.999537837513316, -37.734914548827575 ], [ 145.000110232376329, -37.735672980719748 ], [ 145.000586276339732, -37.736472315318181 ], [ 145.000961382418922, -37.737304855730272 ], [ 145.001231935187121, -37.738162585069311 ], [ 145.001395325707335, -37.739037243625887 ], [ 145.001449976787029, -37.73992040838661 ] ] ] } },
{ "type": "Feature", "properties": { "SA2_CODE21": 209031209, "SA2_NAME21": "Eltham", "library_count": 1, "x": 145.15678921697943, "y": -37.714722240916274 }, "geometry": { "type": "Polygon", "coordinates": [ [ [ 145.168131561865039, -37.714706864528246 ], [ 145.168078908209083, -37.715590113578223 ], [ 145.167917524925571, -37.71646500924318 ], [ 145.167648962569331, -37.717323125377412 ], [ 145.167275804171766, -37.71815619716449 ], [ 145.166801640494526, -37.718956200738482 ], [ 145.16623103556222, -37.719715430493814 ], [ 145.165569482801828, -37.720426573338045 ], [ 145.164823352207605, -37.721082779170807 ], [ 145.163999829037635, -37.721677726907842 ], [ 145.163106844630931, -37.722205685412966 ], [ 145.162153000010335, -37.722661568748151 ], [ 145.161147483008051, -37.723040985208115 ], [ 145.160099979712925, -37.723340279664853 ], [ 145.159020581095717, -37.723556568812192 ], [ 145.157919685714234, -37.723687768969697 ], [ 145.156807899440565, -37.72373261617652 ], [ 145.15569593318051, -37.723690678380514 ], [ 145.154594499575552, -37.723562359604976 ], [ 145.153514209688524, -37.723348896052187 ], [ 145.152465470672553, -37.72305234418203 ], [ 145.151458385414941, -37.722675560880546 ], [ 145.150502655127184, -37.722222175910844 ], [ 145.149607485823651, -37.721696556913045 ], [ 145.148781499592985, -37.721103767291623 ], [ 145.14803265151977, -37.720449517397959 ], [ 145.147368153058011, -37.719740109480469 ], [ 145.146794402594736, -37.718982376934122 ], [ 145.146316923872234, -37.718183618436939 ], [ 145.145940312860205, -37.717351527609878 ], [ 145.145668193586829, -37.716494118879176 ], [ 145.145503183350428, -37.715619650257125 ], [ 145.14544686764259, -37.714736543786067 ], [ 145.145499785019211, -37.713853304412893 ], [ 145.14566142205976, -37.712978438076135 ], [ 145.14593021845775, -37.712120369794405 ], [ 145.146303582187613, -37.7112873625452 ], [ 145.146777914596981, -37.710487437714292 ], [ 145.147348645176862, -37.70972829788122 ], [ 145.148010275671794, -37.709017252682742 ], [ 145.14875643310026, -37.708361148466778 ], [ 145.149579931172809, -37.707766302412473 ], [ 145.150472839515004, -37.707238441748466 ], [ 145.15142656002709, -37.706782648652727 ], [ 145.15243190964631, -37.70640331136272 ], [ 145.153479208716249, -37.706104081964007 ], [ 145.154558374114401, -37.705887841262637 ], [ 145.155659016245409, -37.705756671077225 ], [ 145.156770538969511, -37.705711834216864 ], [ 145.157882241508929, -37.705753762336052 ], [ 145.158983421356794, -37.705882051783405 ], [ 145.160063477202101, -37.706095467483678 ], [ 145.161112010885745, -37.706391954815977 ], [ 145.162118927411257, -37.706768659374362 ], [ 145.163074532051411, -37.70722195442179 ], [ 145.163969623620403, -37.707747475773822 ], [ 145.164795583016939, -37.70834016377848 ], [ 145.165544456187519, -37.708994311989386 ], [ 145.166209030713787, -37.709703622065788 ], [ 145.166782905285544, -37.710461264372675 ], [ 145.167260551391109, -37.711259943699886 ], [ 145.167637366628327, -37.712091969468929 ], [ 145.167909719120786, -37.712949329753698 ], [ 145.168074982607635, -37.713823768403628 ], [ 145.168131561865039, -37.714706864528246 ] ] ] } },
{ "type": "Feature", "properties": { "SA2_CODE21": 210041240, "SA2_NAME21": "Sunbury", "library_count": 1, "x": 144.76757238055373, "y": -37.539409769758997 }, "geometry": { "type": "Polygon", "coordinates": [ [ [ 144.778888481363765, -37.539431234163288 ], [ 144.77883141439878, -37.540314360590152 ], [ 144.778665912915528, -37.541188780034076 ], [ 144.778393567155234, -37.542046070923355 ], [ 144.778016996615747, -37.542877976377156 ], [ 144.777539824952953, -37.543676483750957 ], [ 144.776966645195216, -37.544433901838602 ], [ 144.776302975602221, -37.545142934986956 ], [ 144.775555206589416, -37.545796753406933 ], [ 144.774730539226482, -37.546389059002571 ], [ 144.77383691590083, -37.546914146081292 ], [ 144.772882943813102, -37.547366956359362 ], [ 144.77187781204222, -37.547743127730044 ], [ 144.770831202979906, -37.548039036322692 ], [ 144.769753198991026, -37.548251831446471 ], [ 144.768654185201541, -37.548379463079662 ], [ 144.76754474935484, -37.548420701638953 ], [ 144.766435579706354, -37.548375149837149 ], [ 144.765337361944063, -37.548243246514666 ], [ 144.764260676134484, -37.548026262407255 ], [ 144.763215894691285, -37.547726287891564 ], [ 144.762213082354776, -37.547346212826596 ], [ 144.761261899150696, -37.546889698686847 ], [ 144.760371507266655, -37.546361143256043 ], [ 144.759550482747301, -37.545765638224239 ], [ 144.758806732860535, -37.545108920097697 ], [ 144.758147419932783, -37.544397314896791 ], [ 144.757578892386903, -37.543637677176633 ], [ 144.757106623646507, -37.542837323959908 ], [ 144.756735159493559, -37.542003964220065 ], [ 144.756468074383065, -37.541145624596126 ], [ 144.756307937132476, -37.540270572056045 ], [ 144.756256286311782, -37.539387234254903 ], [ 144.756313615565972, -37.538504118355689 ], [ 144.756479369006399, -37.537629729095599 ], [ 144.756751946709244, -37.536772486886434 ], [ 144.757128720263239, -37.535940646738148 ], [ 144.757606058210825, -37.535142218785737 ], [ 144.75817936113333, -37.534384891183187 ], [ 144.758843106037943, -37.533675956106357 ], [ 144.759590899615034, -37.533022239575438 ], [ 144.760415539850982, -37.532430035770986 ], [ 144.761309085400768, -37.531905046473668 ], [ 144.762262932052636, -37.531452326209553 ], [ 144.763267895548154, -37.53107623362628 ], [ 144.764314299962308, -37.530780389566658 ], [ 144.76539207079469, -37.530567642241579 ], [ 144.766490831879509, -37.530440039835874 ], [ 144.767600005184562, -37.530398810809679 ], [ 144.768708912543872, -37.530444352083819 ], [ 144.769806878349016, -37.530576225222482 ], [ 144.770883332216016, -37.530793160649829 ], [ 144.771927910644678, -37.531093069859978 ], [ 144.772930556696394, -37.531473065503512 ], [ 144.773881616735707, -37.531929489158202 ], [ 144.774771933308131, -37.532457946517503 ], [ 144.775592933263226, -37.533053349660186 ], [ 144.776336710277008, -37.533709965995598 ], [ 144.776996100980625, -37.534421473415094 ], [ 144.777564753962366, -37.535181021121247 ], [ 144.778037190978125, -37.535981295550577 ], [ 144.778408859779233, -37.536814590757416 ], [ 144.778676178046226, -37.537672882582655 ], [ 144.778836568001481, -37.538547905895228 ], [ 144.778888481363765, -37.539431234163288 ] ] ] } },
{ "type": "Feature", "properties": { "SA2_CODE21": 210051242, "SA2_NAME21": "Broadmeadows", "library_count": 1, "x": 144.92930916037011, "y": -37.684075356568542 }, "geometry": { "type": "Polygon", "coordinates": [ [ [ 144.940646926291691, -37.684081510776103 ], [ 144.940591638355897, -37.684964667703042 ], [ 144.94042769017193, -37.685839264779041 ], [ 144.940156657004138, -37.686696878727133 ], [ 144.939781145690603, -37.687529249560811 ], [ 144.939304769666677, -37.688328360158891 ], [ 144.93873211427919, -37.689086513510851 ], [ 144.938068692719582, -37.689796406886892 ], [ 144.937320892998031, -37.690451202217098 ], [ 144.936495916465702, -37.691044592000047 ], [ 144.935601708476099, -37.691570860103631 ], [ 144.934646881852416, -37.692024936870922 ], [ 144.933640633898676, -37.692402447997758 ], [ 144.93259265775535, -37.692699756709573 ], [ 144.931513048956191, -37.692913998829169 ], [ 144.930412208089052, -37.69304311039609 ], [ 144.929300740503407, -37.693085847570302 ], [ 144.928189354034544, -37.693041798627405 ], [ 144.927088755735525, -37.692911387929172 ], [ 144.926009548616378, -37.692695871831226 ], [ 144.924962129391332, -37.692397326566919 ], [ 144.923956588223433, -37.692018628225533 ], [ 144.92300261143771, -37.691563425017932 ], [ 144.922109388143753, -37.691036102098586 ], [ 144.921285521670796, -37.690441739284154 ], [ 144.920538946670547, -37.689786062077943 ], [ 144.919876852688247, -37.689075386473952 ], [ 144.919305614937883, -37.688316558074057 ], [ 144.918830732948322, -37.687516886107119 ], [ 144.918456777669178, -37.686684072987177 ], [ 144.918187347543324, -37.685826140091471 ], [ 144.918025033965222, -37.684951350474293 ], [ 144.917971396453822, -37.684068129262727 ], [ 144.918026947773797, -37.6831849825018 ], [ 144.918191149143183, -37.682310415231022 ], [ 144.918462415567802, -37.681452849582016 ], [ 144.918838131245764, -37.680620543685222 ], [ 144.919314674887971, -37.679821512166228 ], [ 144.919887454706213, -37.679063448996672 ], [ 144.920550952727211, -37.678353653440688 ], [ 144.921298778002466, -37.677698959809007 ], [ 144.922123728198699, -37.677105671694832 ], [ 144.923017858974561, -37.676579501323211 ], [ 144.923972560474112, -37.676125514595277 ], [ 144.9249786402018, -37.675748082355007 ], [ 144.926026411481956, -37.675450838345441 ], [ 144.927105786653641, -37.675236644257296 ], [ 144.928206374107134, -37.675107562205191 ], [ 144.929317578231547, -37.675064834894947 ], [ 144.930428701316231, -37.675108873671874 ], [ 144.931529046429858, -37.675239254564858 ], [ 144.932608020292122, -37.675454722363718 ], [ 144.93365523515277, -37.67575320269119 ], [ 144.934660608702359, -37.676131821953454 ], [ 144.935614461057327, -37.676586934978616 ], [ 144.936507607889894, -37.677114160077913 ], [ 144.937331448809175, -37.677708421193842 ], [ 144.938078050145521, -37.678363996731264 ], [ 144.938740221341561, -37.679074574603298 ], [ 144.939311584216085, -37.679833312963858 ], [ 144.939786634431726, -37.68063290604421 ], [ 144.940160794573984, -37.681465654461888 ], [ 144.940430458327342, -37.682323539326163 ], [ 144.94059302531906, -37.683198299428526 ], [ 144.940646926291691, -37.684081510776103 ] ] ] } },
{ "type": "Feature", "properties": { "SA2_CODE21": 211041271, "SA2_NAME21": "Nunawading", "library_count": 1, "x": 145.17652183861344, "y": -37.817397793533203 }, "geometry": { "type": "Polygon", "coordinates": [ [ [ 145.187879599326266, -37.817380549497997 ], [ 145.187827105041151, -37.818263770645814 ], [ 145.187665731128675, -37.819138656646658 ], [ 145.187397028042909, -37.819996781448985 ], [ 145.187023580160684, -37.820829880154136 ], [ 145.186548981022554, -37.82162992863848 ], [ 145.185977798838934, -37.822389220865546 ], [ 145.185315532589698, -37.823100443143012 ], [ 145.184568559135926, -37.823756744607188 ], [ 145.183744071850185, -37.824351803254572 ], [ 145.182850011355896, -37.824879886882371 ], [ 145.1818949890407, -37.825335908348961 ], [ 145.180888204082009, -37.825715474619948 ], [ 145.179839354785173, -37.826014929125407 ], [ 145.178758545090659, -37.826231387018346 ], [ 145.177656187154128, -37.826362762993519 ], [ 145.176542900942366, -37.826407791396697 ], [ 145.175429411816452, -37.826366038430308 ], [ 145.174326447094529, -37.826237906336871 ], [ 145.173244632595242, -37.826024629519772 ], [ 145.172194390164435, -37.825728262639174 ], [ 145.171185837177291, -37.825351660798106 ], [ 145.170228688988118, -37.824898452010515 ], [ 145.169332165272721, -37.824373002218032 ], [ 145.168504901168092, -37.823780373193841 ], [ 145.167754864068087, -37.82312627374106 ], [ 145.167089276878244, -37.82241700465768 ], [ 145.166514548469138, -37.821659398000236 ], [ 145.166036211997778, -37.820860751233269 ], [ 145.165658871689175, -37.820028756900783 ], [ 145.165386158587921, -37.819171428499182 ], [ 145.165220695702942, -37.818297023266922 ], [ 145.165164072875569, -37.817413962635946 ], [ 145.165216831609257, -37.816530751112147 ], [ 145.165378460000852, -37.8156558943666 ], [ 145.165647397816684, -37.814797817326593 ], [ 145.16602105165947, -37.813964783055283 ], [ 145.16649582007372, -37.813164813200181 ], [ 145.167067128343774, -37.812405610776047 ], [ 145.167729472644311, -37.811694486024152 ], [ 145.16847647311485, -37.811038286060302 ], [ 145.169300935344495, -37.810443328987418 ], [ 145.170194919672809, -37.809915343104855 ], [ 145.171149817639133, -37.809459411797931 ], [ 145.172156434844709, -37.809079924636251 ], [ 145.173205079430801, -37.808780535149609 ], [ 145.174285655323928, -37.808564125686352 ], [ 145.175387759353271, -37.808432779690641 ], [ 145.176500781309556, -37.808387761664562 ], [ 145.17761400598684, -37.808429505006934 ], [ 145.178716716229644, -37.808557607845103 ], [ 145.179798295998836, -37.808770836899889 ], [ 145.180848332469054, -37.809067139346631 ], [ 145.181856716180135, -37.809443662558472 ], [ 145.182813738282903, -37.809896781543117 ], [ 145.183710183946999, -37.810422133810022 ], [ 145.184537421034861, -37.811014661333886 ], [ 145.185287483190962, -37.811668659212174 ], [ 145.18595314654678, -37.812377830550304 ], [ 145.186527999304758, -37.813135347048082 ], [ 145.187006503529261, -37.813933914705757 ], [ 145.18738404854858, -37.814765844019433 ], [ 145.187656995451192, -37.815623123991315 ], [ 145.187822712243388, -37.816497499244107 ], [ 145.187879599326266, -37.817380549497997 ] ] ] } },
{ "type": "Feature", "properties": { "SA2_CODE21": 212031300, "SA2_NAME21": "Cranbourne", "library_count": 1, "x": 145.27572087678959, "y": -38.106886650059486 }, "geometry": { "type": "Polygon", "coordinates": [ [ [ 145.287122314844851, -38.106860019052071 ], [ 145.28707078370536, -38.107743164590858 ], [ 145.286909943037614, -38.108618066065439 ], [ 145.286641338129783, -38.109476297279379 ], [ 145.28626755238335, -38.110309592314195 ], [ 145.285792182564677, -38.111109925160662 ], [ 145.285219804281297, -38.111869587049284 ], [ 145.28455592801123, -38.112581260733201 ], [ 145.283806946104335, -38.1132380910067 ], [ 145.282980071264888, -38.113833750778475 ], [ 145.282083267104383, -38.114362502060821 ], [ 145.281125171434297, -38.114819251285802 ], [ 145.280115013036834, -38.115199598412943 ], [ 145.279062522717766, -38.11549987935387 ], [ 145.277977839500238, -38.11571720130317 ], [ 145.276871412866171, -38.115849470633748 ], [ 145.275753901991948, -38.115895413086321 ], [ 145.274636072953029, -38.115854586057907 ], [ 145.2735286948934, -38.115727382870269 ], [ 145.272442436165107, -38.115515028976731 ], [ 145.271387761444288, -38.115219570144333 ], [ 145.270374830819264, -38.114843852725798 ], [ 145.26941340182853, -38.114391496212157 ], [ 145.268512735395376, -38.113866858331654 ], [ 145.267681506569744, -38.113274993032967 ], [ 145.266927720938924, -38.112621601759336 ], [ 145.266258637514056, -38.111912978484263 ], [ 145.26568069883561, -38.111155949041262 ], [ 145.265199468970536, -38.110357805333358 ], [ 145.264819579996328, -38.109526235058148 ], [ 145.264544687485142, -38.108669247627631 ], [ 145.264377435412513, -38.107795096996959 ], [ 145.264319430824855, -38.106912202147718 ], [ 145.264371228504245, -38.106029065991819 ], [ 145.264532325772819, -38.105154193477894 ], [ 145.264801167481437, -38.104296009689449 ], [ 145.265175161128496, -38.103462778722459 ], [ 145.265650701958123, -38.102662524124014 ], [ 145.266223207790887, -38.101902951656598 ], [ 145.266887163247247, -38.101191375130689 ], [ 145.26763617293409, -38.100534646018239 ], [ 145.268463023079704, -38.099939087523019 ], [ 145.269359751021454, -38.099410433740701 ], [ 145.270317721877007, -38.098953774492379 ], [ 145.27132771166066, -38.098573506360765 ], [ 145.272379996046368, -38.098273290398481 ], [ 145.273464443924951, -38.098056016913844 ], [ 145.274570614858362, -38.09792377767149 ], [ 145.275687859496685, -38.09787784577442 ], [ 145.276805421995704, -38.097918663419954 ], [ 145.277912543454505, -38.098045837646914 ], [ 145.278998565381954, -38.098258144114972 ], [ 145.280053032202204, -38.098553538879564 ], [ 145.281065791816246, -38.098929178050049 ], [ 145.282027093257568, -38.099381445142491 ], [ 145.282927680504514, -38.099905985865007 ], [ 145.28375888155017, -38.100497750002638 ], [ 145.284512691874852, -38.101151039999721 ], [ 145.285181851518416, -38.101859565774745 ], [ 145.285759915011425, -38.10261650524108 ], [ 145.286241313490308, -38.103414569953479 ], [ 145.286621408397849, -38.104246075250011 ], [ 145.286896536248008, -38.105103014215885 ], [ 145.287064044021321, -38.105977134758334 ], [ 145.287122314844851, -38.106860019052071 ] ] ] } },
{ "type": "Feature", "properties": { "SA2_CODE21": 212041317, "SA2_NAME21": "Springvale", "library_count": 1, "x": 145.15780805904552, "y": -37.945675740770291 }, "geometry": { "type": "Polygon", "coordinates": [ [ [ 145.169185149201752, -37.945660267818674 ], [ 145.16913234659043, -37.94654343106329 ], [ 145.16897048114771, -37.94741824263938 ], [ 145.16870110804939, -37.948276277212067 ], [ 145.168326818113997, -37.949109270752245 ], [ 145.167851212982356, -37.949909200149811 ], [ 145.167278870546085, -37.95066836051641 ], [ 145.166615300954049, -37.951379439431093 ], [ 145.165866893616766, -37.952035587412624 ], [ 145.165040855716143, -37.95263048393759 ], [ 145.164145142811549, -37.953158398366597 ], [ 145.163188382209398, -37.953614245189627 ], [ 145.162179789835221, -37.953993633056257 ], [ 145.161129081410195, -37.954292907116574 ], [ 145.160046378790184, -37.954509184263216 ], [ 145.158942112372927, -37.954640380933043 ], [ 145.157826920517834, -37.954685233199804 ], [ 145.156711546951527, -37.954643308962972 ], [ 145.155606737153079, -37.954515012114832 ], [ 145.154523134722382, -37.954301578645506 ], [ 145.153471178734833, -37.954005064723326 ], [ 145.15246100307715, -37.953628326866593 ], [ 145.151502338738112, -37.953174994397941 ], [ 145.150604419999695, -37.952649434448567 ], [ 145.149775895436107, -37.952056709850815 ], [ 145.14902474457989, -37.951402530326227 ], [ 145.148358201059949, -37.950693197441872 ], [ 145.147782682951714, -37.949935543866609 ], [ 145.147303731009913, -37.949136867514696 ], [ 145.146925955377469, -37.948304861213195 ], [ 145.146652991280433, -37.947447538572028 ], [ 145.146487464132719, -37.946573156772672 ], [ 145.146430964381693, -37.945690137020257 ], [ 145.146484032332381, -37.944806983426211 ], [ 145.14664615309087, -37.943932201103323 ], [ 145.146915761669703, -37.943074214262211 ], [ 145.14729025820094, -37.942241285097786 ], [ 145.147766033104432, -37.941441434246158 ], [ 145.148338501964332, -37.940682363577253 ], [ 145.149002149773338, -37.939971382064918 ], [ 145.149750584115168, -37.939315335447347 ], [ 145.150576596770065, -37.938720540352527 ], [ 145.151472233148866, -37.938192723522008 ], [ 145.152428868886034, -37.937736966715114 ], [ 145.153437292854477, -37.937357657823021 ], [ 145.154487795804783, -37.93705844866065 ], [ 145.155570263777406, -37.936842219841438 ], [ 145.156674275391936, -37.936711053071285 ], [ 145.157789202080863, -37.936666211127424 ], [ 145.158904310307776, -37.936708125713693 ], [ 145.160008864790456, -37.936836393308624 ], [ 145.161092231740668, -37.937049779046362 ], [ 145.162143981132346, -37.937346228592773 ], [ 145.16315398701812, -37.937722887903568 ], [ 145.164112524933586, -37.938176130674563 ], [ 145.165010365455004, -37.938701593221552 ], [ 145.16583886301413, -37.939294216455366 ], [ 145.166590039116045, -37.939948294549772 ], [ 145.167256659161751, -37.940657529835661 ], [ 145.167832302135025, -37.941415093394795 ], [ 145.168311422482532, -37.942213690772171 ], [ 145.168689403589667, -37.943045632175703 ], [ 145.168962602334091, -37.94390290648947 ], [ 145.169128384284562, -37.944777258389159 ], [ 145.169185149201752, -37.945660267818674 ] ] ] } },
{ "type": "Feature", "properties": { "SA2_CODE21": 212051321, "SA2_NAME21": "Glen Waverley - East", "library_count": 1, "x": 145.17839185680319, "y": -37.88148909197546 }, "geometry": { "type": "Polygon", "coordinates": [ [ [ 145.189759264165957, -37.881471670978364 ], [ 145.189706747294252, -37.882354868672714 ], [ 145.18954525810463, -37.88322973313921 ], [ 145.189276348155033, -37.884087838533958 ], [ 145.188902603808714, -37.884920920145866 ], [ 145.188427621456185, -37.885720954016485 ], [ 145.187855972994157, -37.886480234250982 ], [ 145.187193161889866, -37.887191447273388 ], [ 145.186445570249475, -37.887847742310164 ], [ 145.18562039739831, -37.888442797420723 ], [ 145.184725590562579, -37.888970880437341 ], [ 145.183769768319308, -37.889426904225253 ], [ 145.182762137552572, -37.889806475728527 ], [ 145.181712404717359, -37.890105938327615 ], [ 145.180630682267946, -37.890322407098232 ], [ 145.179527391155972, -37.890453796630766 ], [ 145.178413160341393, -37.890498841140662 ], [ 145.177298724288818, -37.890457106675299 ], [ 145.176194819442259, -37.890328995298823 ], [ 145.175112080680549, -37.890115741214792 ], [ 145.174060938756583, -37.889819398863914 ], [ 145.173051519713169, -37.889442823112319 ], [ 145.172093547249517, -37.888989641721835 ], [ 145.171196248982938, -37.888464220369315 ], [ 145.170368267511691, -37.887871620553106 ], [ 145.169617577139206, -37.887217550794013 ], [ 145.168951407061854, -37.886508311603052 ], [ 145.16837617176202, -37.885750734747887 ], [ 145.16789740927544, -37.884952117405199 ], [ 145.16751972792585, -37.884120151834885 ], [ 145.167246762037479, -37.883262851255779 ], [ 145.167081137047887, -37.882388472637871 ], [ 145.16702444435353, -37.88150543715664 ], [ 145.167077226124235, -37.880622249075671 ], [ 145.167238970228453, -37.879747413840441 ], [ 145.167508115311961, -37.878889356171435 ], [ 145.167882065975476, -37.878056338945775 ], [ 145.168357217899853, -37.877256383647499 ], [ 145.168928992671766, -37.876497193152005 ], [ 145.169591881969978, -37.875786077586582 ], [ 145.170339500683468, -37.875129883979596 ], [ 145.171164648446364, -37.874534930373748 ], [ 145.172059378996693, -37.874006945035973 ], [ 145.173015076688984, -37.873551011347303 ], [ 145.174022539425579, -37.873171518901188 ], [ 145.175072067208873, -37.872872121279087 ], [ 145.176153555464509, -37.872655700908226 ], [ 145.177256592240838, -37.87252434133827 ], [ 145.178370558351929, -37.87247930720229 ], [ 145.179484729505447, -37.87252103205428 ], [ 145.180588379437438, -37.872649114199511 ], [ 145.181670883065209, -37.872862320557772 ], [ 145.182721818671979, -37.873158598522423 ], [ 145.183731068143572, -37.873535095701676 ], [ 145.184688914297311, -37.873988187353163 ], [ 145.18558613436997, -37.874513511248665 ], [ 145.186414088768117, -37.87510600963509 ], [ 145.187164804228871, -37.875759977889494 ], [ 145.187831050591655, -37.876469119401619 ], [ 145.188406410442468, -37.877226606157528 ], [ 145.18888534095916, -37.878025144443036 ], [ 145.189263227360698, -37.878857045036362 ], [ 145.189536427442846, -37.879714297215735 ], [ 145.189702306768027, -37.880588645871043 ], [ 145.189759264165957, -37.881471670978364 ] ] ] } },
{ "type": "Feature", "properties": { "SA2_CODE21": 212051323, "SA2_NAME21": "Mount Waverley - North", "library_count": 1, "x": 145.13023295032562, "y": -37.866447434152384 }, "geometry": { "type": "Polygon", "coordinates": [ [ [ 145.141598102111743, -37.866434570955413 ], [ 145.141545032093518, -37.867317753274882 ], [ 145.141383016788922, -37.868192558621573 ], [ 145.141113612825421, -37.869050561719526 ], [ 145.140739411326905, -37.869883498841325 ], [ 145.140264013090189, -37.870683347418783 ], [ 145.139691994021177, -37.871442403340389 ], [ 145.139028861160369, -37.872153355189553 ], [ 145.138280999716727, -37.872809354707286 ], [ 145.137455611618037, -37.873404082798622 ], [ 145.136560646167084, -37.873931810445107 ], [ 145.135604723471744, -37.874387453934595 ], [ 145.134597051386265, -37.87476662387413 ], [ 145.133547336765503, -37.875065667512175 ], [ 145.132465691889678, -37.875281703960283 ], [ 145.131362536963849, -37.875412651973512 ], [ 145.13024849963611, -37.875457250020752 ], [ 145.129134312506523, -37.875415068450515 ], [ 145.128030709619907, -37.875286513634308 ], [ 145.1269483229446, -37.875072824047734 ], [ 145.125897579839432, -37.874776058327086 ], [ 145.124888602502779, -37.874399075417053 ], [ 145.123931110376049, -37.873945507001736 ], [ 145.123034326446401, -37.873419722486219 ], [ 145.122206888354754, -37.872826786866923 ], [ 145.121456765167295, -37.872172411899008 ], [ 145.120791180614532, -37.871462901032928 ], [ 145.120216543536571, -37.870705088652535 ], [ 145.119738386205285, -37.869906274202258 ], [ 145.119361311114375, -37.869074151839492 ], [ 145.11908894674815, -37.868216736292041 ], [ 145.118923912750745, -37.867342285635992 ], [ 145.11886779482731, -37.866459221739127 ], [ 145.118921129613483, -37.865576049137317 ], [ 145.119083399653761, -37.864701273125448 ], [ 145.119353038531415, -37.863843317852137 ], [ 145.119727446094856, -37.863010445207003 ], [ 145.120203013628327, -37.862210675280352 ], [ 145.120775158719965, -37.861451709161244 ], [ 145.121438369486327, -37.860740854815162 ], [ 145.122186257724508, -37.860084956754129 ], [ 145.123011620477087, -37.859490330174218 ], [ 145.123906509415264, -37.858962700192791 ], [ 145.124862307371529, -37.858507146768844 ], [ 145.125869811285298, -37.858128055834129 ], [ 145.126919320764415, -37.857829077104057 ], [ 145.128000731412214, -37.857613088972741 ], [ 145.129103632024822, -37.857482170828312 ], [ 145.130217404727318, -37.857437583054036 ], [ 145.131331327088986, -37.857479754906642 ], [ 145.132434675239864, -37.857608280388028 ], [ 145.133516827001046, -37.85782192214991 ], [ 145.134567364041288, -37.858118623393914 ], [ 145.135576172081159, -37.858495527653155 ], [ 145.136533538185262, -37.858949006265966 ], [ 145.137430244209384, -37.859474693278386 ], [ 145.138257655506493, -37.860067527440997 ], [ 145.139007804040062, -37.860721800897501 ], [ 145.139673465105659, -37.861431214098509 ], [ 145.140248226922637, -37.862188936413354 ], [ 145.140726552425662, -37.862987671858825 ], [ 145.141103832658189, -37.863819729313612 ], [ 145.141376431252439, -37.864677096544277 ], [ 145.141541719563065, -37.865551517331525 ], [ 145.141598102111743, -37.866434570955413 ] ] ] } },
{ "type": "Feature", "properties": { "SA2_CODE21": 212051326, "SA2_NAME21": "Oakleigh - Huntingdale", "library_count": 1, "x": 145.10121856300984, "y": -37.908453257650073 }, "geometry": { "type": "Polygon", "coordinates": [ [ [ 145.112590048666732, -37.908443140293244 ], [ 145.112536609439644, -37.909326293406579 ], [ 145.112374167467408, -37.910201043376382 ], [ 145.112104283482978, -37.911058965459254 ], [ 145.111729553230589, -37.91189179670755 ], [ 145.111253582597328, -37.912691515572455 ], [ 145.110680953000667, -37.913450419191584 ], [ 145.110017177360845, -37.914161197615229 ], [ 145.109268647078238, -37.914817004255006 ], [ 145.108442570523664, -37.915411521874056 ], [ 145.107546903632908, -37.915939023481577 ], [ 145.106590273272616, -37.91639442754321 ], [ 145.10558189411617, -37.916773346972882 ], [ 145.104531479832559, -37.917072131432654 ], [ 145.103449149444828, -37.9172879025312 ], [ 145.102345329764773, -37.917418581580151 ], [ 145.1012306548472, -37.917462909639752 ], [ 145.100115863437026, -37.917420459659553 ], [ 145.099011695402623, -37.917291640596872 ], [ 145.097928788158413, -37.917077693472805 ], [ 145.096877574079286, -37.916780679404305 ], [ 145.095868179901174, -37.916403459728095 ], [ 145.09491032908079, -37.915949668408544 ], [ 145.094013248059724, -37.9154236769972 ], [ 145.093185577338971, -37.914830552482663 ], [ 145.092435288223271, -37.914176008438695 ], [ 145.091769606038298, -37.913466349943285 ], [ 145.091194940560968, -37.912708412801138 ], [ 145.090716824332588, -37.911909497657184 ], [ 145.090339859446544, -37.911077299637519 ], [ 145.090067673320959, -37.91021983419742 ], [ 145.08990288387858, -37.909345359892349 ], [ 145.089847074464615, -37.908462298816808 ], [ 145.089900778739093, -37.907579155478565 ], [ 145.090063475684104, -37.906704434889782 ], [ 145.090333594768168, -37.905846560664749 ], [ 145.090708531212442, -37.905013793911991 ], [ 145.091184671205866, -37.904214153701766 ], [ 145.091757426822596, -37.903455339873844 ], [ 145.092421280299533, -37.90274465892724 ], [ 145.093169837245085, -37.9020889537044 ], [ 145.093995888263748, -37.901494537544806 ], [ 145.094891478401024, -37.900967133540185 ], [ 145.095847983739986, -37.900511819474069 ], [ 145.0968561944116, -37.900132978974099 ], [ 145.097906403221799, -37.899834259344956 ], [ 145.098988499043656, -37.899618536486578 ], [ 145.100092064079661, -37.899487887233441 ], [ 145.101206474060859, -37.899443569380324 ], [ 145.102321000423643, -37.899486009585438 ], [ 145.103424913485242, -37.89961479926712 ], [ 145.104507585629761, -37.899828698533348 ], [ 145.10555859351706, -37.90012564810629 ], [ 145.10656781833498, -37.90050278912782 ], [ 145.107525543135296, -37.900956490656192 ], [ 145.108422546319247, -37.90148238459048 ], [ 145.109250190377082, -37.902075407688052 ], [ 145.110000505028722, -37.9027298502726 ], [ 145.110666263967175, -37.903439411165124 ], [ 145.111241054465864, -37.904197258311704 ], [ 145.111719339179018, -37.904996094525949 ], [ 145.112096509538532, -37.90582822771502 ], [ 145.112368930229962, -37.90668564491498 ], [ 145.112533974316364, -37.907560089424194 ], [ 145.112590048666732, -37.908443140293244 ] ] ] } },
{ "type": "Feature", "properties": { "SA2_CODE21": 212051327, "SA2_NAME21": "Wheelers Hill", "library_count": 1, "x": 145.18687328058112, "y": -37.907597433424719 }, "geometry": { "type": "Polygon", "coordinates": [ [ [ 145.198244620511986, -37.907579209767313 ], [ 145.198192184819078, -37.908462400958932 ], [ 145.198030738154443, -37.909337266711141 ], [ 145.197761831663854, -37.910195381168023 ], [ 145.197388051674551, -37.911028479531595 ], [ 145.196912994917767, -37.911828537682617 ], [ 145.196341234004649, -37.912587849492859 ], [ 145.195678273483452, -37.913299101082757 ], [ 145.194930496897911, -37.913955441307827 ], [ 145.194105105353543, -37.914550547792729 ], [ 145.193210048182181, -37.915078687875358 ], [ 145.19225394637192, -37.91553477387167 ], [ 145.191246009499821, -37.915914412126931 ], [ 145.190195946969936, -37.916213945378878 ], [ 145.189113874413351, -37.916430488022819 ], [ 145.188010216155391, -37.916561953937695 ], [ 145.186895604694229, -37.916607076603235 ], [ 145.185780778162808, -37.916565421313884 ], [ 145.184676476768431, -37.916437389371019 ], [ 145.183593339211598, -37.916224214212811 ], [ 145.182541800088501, -37.915927949519464 ], [ 145.181531989269672, -37.915551449408746 ], [ 145.180573634229575, -37.915098340913516 ], [ 145.179675966271759, -37.914572989008199 ], [ 145.178847631556323, -37.91398045452172 ], [ 145.178096607789513, -37.913326445345398 ], [ 145.177430127378869, -37.912617261406368 ], [ 145.176854607795434, -37.911859733939899 ], [ 145.176375589812068, -37.911061159646742 ], [ 145.175997684211978, -37.910229230372096 ], [ 145.175724527477314, -37.909371958985147 ], [ 145.175558746881734, -37.908497602174826 ], [ 145.175501935317811, -37.90761458090666 ], [ 145.175554636097644, -37.906731399307603 ], [ 145.175716337866959, -37.905856562761024 ], [ 145.175985479676456, -37.904998496000388 ], [ 145.176359466155759, -37.9041654619908 ], [ 145.176834692638351, -37.903365482378405 ], [ 145.177406579990588, -37.902606260273267 ], [ 145.17806961880521, -37.901895106107546 ], [ 145.178817422529761, -37.901238867281819 ], [ 145.179642789015759, -37.900643862274734 ], [ 145.180537769894329, -37.900115819848615 ], [ 145.181493747109329, -37.89965982393462 ], [ 145.182501515871735, -37.899280264725718 ], [ 145.183551373237947, -37.898980796446438 ], [ 145.184633211461147, -37.898764302204583 ], [ 145.185736615221288, -37.898632866261188 ], [ 145.186850961800502, -37.898587753984721 ], [ 145.187965523244998, -37.898629399681489 ], [ 145.189069569534723, -37.898757402418752 ], [ 145.19015247177262, -37.898970529880685 ], [ 145.191203804405689, -37.899266730220049 ], [ 145.192213445498709, -37.899643151792134 ], [ 145.193171674099716, -37.900096170582295 ], [ 145.194069263764106, -37.900621425063456 ], [ 145.194897571340505, -37.901213858150548 ], [ 145.195648620165741, -37.90186776584909 ], [ 145.196315176869149, -37.902576852131602 ], [ 145.196890821047873, -37.903334289515712 ], [ 145.197370007140904, -37.904132784762517 ], [ 145.197748117904723, -37.904964649064496 ], [ 145.198021508972744, -37.90582187204938 ], [ 145.198187544066116, -37.906696198888213 ], [ 145.198244620511986, -37.907579209767313 ] ] ] } },
{ "type": "Feature", "properties": { "SA2_CODE21": 213011336, "SA2_NAME21": "Sunshine", "library_count": 1, "x": 144.83422507060016, "y": -37.789316565392781 }, "geometry": { "type": "Polygon", "coordinates": [ [ [ 144.845578616907318, -37.78933171775202 ], [ 144.845522140695095, -37.790214793728893 ], [ 144.845356863655866, -37.791089223956263 ], [ 144.845084373843719, -37.791946586761568 ], [ 144.844707292119153, -37.792778624575213 ], [ 144.844229247038214, -37.793577323481955 ], [ 144.843654840020747, -37.794334990435573 ], [ 144.842989601129119, -37.795044327390549 ], [ 144.842239935879633, -37.795698501636394 ], [ 144.841413063596121, -37.796291211654427 ], [ 144.840516947897811, -37.796816747861016 ], [ 144.839560219990602, -37.797270047650237 ], [ 144.838552095500688, -37.797646744203533 ], [ 144.837502285653215, -37.797943208594276 ], [ 144.836420903654584, -37.798156584779797 ], [ 144.835318367182509, -37.798284817142545 ], [ 144.834205297928406, -37.798326670312882 ], [ 144.833092419163876, -37.798281741083017 ], [ 144.831990452323339, -37.798150462295105 ], [ 144.830910013604637, -37.797934098667241 ], [ 144.829861511588661, -37.79763473459677 ], [ 144.828855046869734, -37.797255254059735 ], [ 144.827900314667943, -37.79679931280058 ], [ 144.827006511366221, -37.796271303081447 ], [ 144.826182245875344, -37.795676311332535 ], [ 144.825435456683209, -37.795020069112788 ], [ 144.824773335389153, -37.794308897855601 ], [ 144.824202257459831, -37.793549647933844 ], [ 144.823727720873137, -37.792749632633004 ], [ 144.823354293239674, -37.791916557670447 ], [ 144.823085567907697, -37.791058446941783 ], [ 144.822924129471176, -37.790183565210562 ], [ 144.822871529008609, -37.789300338487678 ], [ 144.822928269286024, -37.788417272868124 ], [ 144.823093800061315, -37.787542872607268 ], [ 144.823366523529501, -37.786685558226011 ], [ 144.823743809850811, -37.785853585433109 ], [ 144.824222022606676, -37.785054965644996 ], [ 144.824796553933567, -37.784297388867543 ], [ 144.825461868991994, -37.78358814968076 ], [ 144.82621155933856, -37.782934077037964 ], [ 144.827038404685055, -37.782341468553298 ], [ 144.827934442447344, -37.781816029908541 ], [ 144.828891044414576, -37.781362819960357 ], [ 144.829898999800434, -37.780986202074736 ], [ 144.830948603878255, -37.780689802155202 ], [ 144.832029751349296, -37.780476473766804 ], [ 144.833132033548623, -37.78034827069029 ], [ 144.834244838556316, -37.780306427169798 ], [ 144.835357453255654, -37.780351346042352 ], [ 144.836459166360129, -37.780482594863756 ], [ 144.837539371422736, -37.780698910067578 ], [ 144.838587668841967, -37.780998209117307 ], [ 144.839593965885996, -37.781377610535664 ], [ 144.840548573778392, -37.781833461618696 ], [ 144.841442300913315, -37.782361373569643 ], [ 144.842266541307112, -37.782956263715491 ], [ 144.843013357436263, -37.783612404401879 ], [ 144.843675556666341, -37.784323478097221 ], [ 144.84424676053564, -37.785082638177947 ], [ 144.844721466226417, -37.785882574811104 ], [ 144.845095099629532, -37.786715585302453 ], [ 144.845364059489071, -37.787573648233973 ], [ 144.84552575219837, -37.78844850067901 ], [ 144.845578616907318, -37.78933171775202 ] ] ] } },
{ "type": "Feature", "properties": { "SA2_CODE21": 213021341, "SA2_NAME21": "Altona", "library_count": 1, "x": 144.81502127145311, "y": -37.860293891987688 }, "geometry": { "type": "Polygon", "coordinates": [ [ [ 144.826385490325862, -37.860310860860515 ], [ 144.826328736450307, -37.861193901379337 ], [ 144.826163081624202, -37.862068278983251 ], [ 144.825890117533447, -37.862925572506327 ], [ 144.825512469600511, -37.863757525046111 ], [ 144.825033771829794, -37.864556123508926 ], [ 144.824458631923505, -37.865313675816317 ], [ 144.823792587000213, -37.866022885027597 ], [ 144.823042050338074, -37.866676919663476 ], [ 144.822214249653967, -37.867269479550835 ], [ 144.821317157510435, -37.867794856553047 ], [ 144.820359414520681, -37.868247989598657 ], [ 144.819350246091346, -37.868624513476206 ], [ 144.818299373507216, -37.868920800923284 ], [ 144.817216920215884, -37.869133997602468 ], [ 144.81611331421928, -37.869262049625952 ], [ 144.814999187516321, -37.869303723361845 ], [ 144.813885273569667, -37.869258617331013 ], [ 144.812782303790186, -37.869127166078819 ], [ 144.81170090404089, -37.868910635984513 ], [ 144.810651492163629, -37.868611113048615 ], [ 144.809644177519601, -37.868231482776807 ], [ 144.808688663517614, -37.867775402355107 ], [ 144.807794154071729, -37.867247265385167 ], [ 144.806969264893809, -37.866652159521749 ], [ 144.806221940477457, -37.865995817421698 ], [ 144.805559377574127, -37.865284561479214 ], [ 144.804987955899804, -37.864525242881406 ], [ 144.804513176738197, -37.863725175573883 ], [ 144.804139610030148, -37.862892065773657 ], [ 144.803870850456747, -37.862033937710677 ], [ 144.803709482934636, -37.861159056314314 ], [ 144.803657057852092, -37.860275847591438 ], [ 144.803714076278766, -37.859392817462954 ], [ 144.803879985286869, -37.858518469841947 ], [ 144.804153183422414, -37.857661224742138 ], [ 144.804531036268713, -37.856829337205063 ], [ 144.805009901946676, -37.856030817826408 ], [ 144.805585166301455, -37.855273355645494 ], [ 144.806251287432076, -37.854564244139418 ], [ 144.807001849131751, -37.853910311032806 ], [ 144.807829622721385, -37.853317852597023 ], [ 144.808726636679665, -37.852792573069955 ], [ 144.809684253398132, -37.852339529777169 ], [ 144.810693252322466, -37.851963084480943 ], [ 144.811743918682026, -37.851666861423872 ], [ 144.812826136954243, -37.851453712468896 ], [ 144.813929488168839, -37.851325689669835 ], [ 144.815043350118088, -37.85128402553547 ], [ 144.816156999513595, -37.851329121175958 ], [ 144.817259715111106, -37.851460542445245 ], [ 144.818340880815583, -37.851677024116299 ], [ 144.81939008777951, -37.851976482049494 ], [ 144.820397234516321, -37.852356033237115 ], [ 144.821352624069817, -37.852812023532373 ], [ 144.822247057308346, -37.853340062797066 ], [ 144.823071921448758, -37.853935067131232 ], [ 144.823819272959582, -37.854591307779707 ], [ 144.824481914048135, -37.855302466247053 ], [ 144.825053461993804, -37.856061695092052 ], [ 144.825528410660411, -37.856861683818238 ], [ 144.82590218359303, -37.857694729228456 ], [ 144.826171178185518, -37.858552809567222 ], [ 144.826332800489581, -37.859427661739161 ], [ 144.826385490325862, -37.860310860860515 ] ] ] } },
{ "type": "Feature", "properties": { "SA2_CODE21": 213021344, "SA2_NAME21": "Newport", "library_count": 1, "x": 144.88228211179455, "y": -37.837638547230242 }, "geometry": { "type": "Polygon", "coordinates": [ [ [ 144.893642932404759, -37.837649150714398 ], [ 144.89358698222685, -37.83853223138123 ], [ 144.893422156114781, -37.839406710054689 ], [ 144.893150037774205, -37.84026416459735 ], [ 144.892773244481958, -37.84109633655774 ], [ 144.89229540201012, -37.841895210730407 ], [ 144.891721109821162, -37.842653092382648 ], [ 144.891055896865936, -37.843362681402745 ], [ 144.890306168405857, -37.844017142653833 ], [ 144.889479144369119, -37.844610171854093 ], [ 144.88858278983318, -37.845136056346611 ], [ 144.88762573830175, -37.845589730171575 ], [ 144.886617208516583, -37.845966822908231 ], [ 144.885566915606262, -37.846263701814109 ], [ 144.884484977430674, -37.846477506853937 ], [ 144.883381817026276, -37.846606178279011 ], [ 144.882268062096983, -37.846648476490181 ], [ 144.881154442522217, -37.84660399399219 ], [ 144.880051686876158, -37.846473159323423 ], [ 144.878970418959, -37.846257232923186 ], [ 144.877921055343478, -37.84595829497642 ], [ 144.876913704927773, -37.845579225353745 ], [ 144.875958071467863, -37.845123675840696 ], [ 144.875063360031987, -37.844596034925395 ], [ 144.874238188281794, -37.844001385485058 ], [ 144.873490503437353, -37.843345455781105 ], [ 144.872827505726889, -37.842634564236661 ], [ 144.872255579059669, -37.841875558530432 ], [ 144.871780229588609, -37.841075749596072 ], [ 144.87140603275256, -37.840242841163864 ], [ 144.871136589306303, -37.839384855526305 ], [ 144.870974490757163, -37.838510056243187 ], [ 144.870921294537226, -37.83762686853261 ], [ 144.870977509145519, -37.836743798115272 ], [ 144.871142589397209, -37.835869349294242 ], [ 144.871414941820206, -37.835011943059762 ], [ 144.871791940142032, -37.834179836006847 ], [ 144.872269950711427, -37.833381040846568 ], [ 144.87284436760595, -37.832623249275258 ], [ 144.873509657082508, -37.831913757942871 ], [ 144.874259410938947, -37.83125939823217 ], [ 144.875086408271102, -37.83066647052285 ], [ 144.875982685027765, -37.830140683571599 ], [ 144.876939610694279, -37.829687099589705 ], [ 144.877947971365757, -37.829310085545387 ], [ 144.87899805841252, -37.82901327115696 ], [ 144.880079761886037, -37.82879951398035 ], [ 144.881182667769167, -37.828670871924906 ], [ 144.882296158139269, -37.828628583461089 ], [ 144.883409513283596, -37.828673055709608 ], [ 144.884512014790062, -37.828803860525944 ], [ 144.88559304862477, -37.829019738618022 ], [ 144.886642207210713, -37.8293186116573 ], [ 144.887649389528889, -37.829697602267572 ], [ 144.888604898283177, -37.830153061699669 ], [ 144.889499533197778, -37.830680604927259 ], [ 144.890324679551583, -37.831275152827224 ], [ 144.891072391100636, -37.83193098104023 ], [ 144.891735466590347, -37.832641775043449 ], [ 144.892307519122511, -37.833400690906544 ], [ 144.892783037707289, -37.834200421148608 ], [ 144.893157440406839, -37.835033265063352 ], [ 144.893427118555195, -37.835891202837701 ], [ 144.893589471625575, -37.836765972751188 ], [ 144.893642932404759, -37.837649150714398 ] ] ] } },
{ "type": "Feature", "properties": { "SA2_CODE21": 213021346, "SA2_NAME21": "Williamstown", "library_count": 1, "x": 144.8848595253647, "y": -37.859127862626977 }, "geometry": { "type": "Polygon", "coordinates": [ [ [ 144.896223580822323, -37.859138221930458 ], [ 144.896167644908161, -37.860021295667742 ], [ 144.896002801767963, -37.860895769826364 ], [ 144.895730635269246, -37.861753222312529 ], [ 144.895353763150581, -37.862585394694833 ], [ 144.894875811941375, -37.863384271763998 ], [ 144.894301382149791, -37.864142158759805 ], [ 144.893636004050677, -37.864851755519339 ], [ 144.89288608449499, -37.86550622683157 ], [ 144.892058845250915, -37.866099268318152 ], [ 144.891162253468451, -37.86662516720417 ], [ 144.890204944936613, -37.867078857391483 ], [ 144.889196140872997, -37.86745596830206 ], [ 144.888145559048922, -37.867752867018567 ], [ 144.887063320108126, -37.867966693315125 ], [ 144.885959849985568, -37.868095387238405 ], [ 144.88484577936984, -37.868137708972604 ], [ 144.883731841182794, -37.86809325079588 ], [ 144.882628767069178, -37.867962441012281 ], [ 144.881547183898419, -37.867746539821255 ], [ 144.880497511281277, -37.867447627164786 ], [ 144.879489861093617, -37.867068582669596 ], [ 144.878533939979917, -37.866613057878972 ], [ 144.877638955779844, -37.866085441042578 ], [ 144.876813528782861, -37.865490814805391 ], [ 144.876065608667489, -37.864834907205008 ], [ 144.875402397927814, -37.864124036451358 ], [ 144.874830282524215, -37.863365050022672 ], [ 144.874354770426322, -37.862565258666606 ], [ 144.873980438638085, -37.861732365943986 ], [ 144.873710889212305, -37.860874393995893 ], [ 144.873548714675081, -37.859999606250149 ], [ 144.873495473188427, -37.85911642781371 ], [ 144.873551673685, -37.858233364318039 ], [ 144.873716771113749, -37.857358919999655 ], [ 144.873989171835092, -37.856501515805611 ], [ 144.874366249109215, -37.855669408311492 ], [ 144.874844368522844, -37.854870610232922 ], [ 144.875418923103751, -37.854112813294613 ], [ 144.876084377781552, -37.853403314198559 ], [ 144.876834322762392, -37.852748944402627 ], [ 144.877661535301002, -37.852156004384021 ], [ 144.878558049273693, -37.851630203018267 ], [ 144.879515231881612, -37.85117660265584 ], [ 144.88052386674633, -37.850799570422893 ], [ 144.881574242598759, -37.850502736213166 ], [ 144.882656246710525, -37.850288957773607 ], [ 144.883759462171042, -37.85016029321843 ], [ 144.884873268078252, -37.850117981234845 ], [ 144.885986941682859, -37.850162429169949 ], [ 144.887089761507866, -37.850293209113325 ], [ 144.888171110456085, -37.850509062012215 ], [ 144.88922057791774, -37.850807909780521 ], [ 144.890228059901006, -37.851186875285094 ], [ 144.891183856225354, -37.851642310018249 ], [ 144.89207876384674, -37.852169829191176 ], [ 144.892904165418599, -37.852764353912029 ], [ 144.893652112239408, -37.853420160044429 ], [ 144.894315400788912, -37.85413093327783 ], [ 144.894887642116458, -37.854889829881614 ], [ 144.895363323413221, -37.855689542560064 ], [ 144.895737861173103, -37.85652237077587 ], [ 144.896007645427886, -37.857380294866985 ], [ 144.896170074627122, -37.858255053244655 ], [ 144.896223580822323, -37.859138221930458 ] ] ] } },
{ "type": "Feature", "properties": { "SA2_CODE21": 213031348, "SA2_NAME21": "Footscray", "library_count": 1, "x": 144.89728307430866, "y": -37.798098532660745 }, "geometry": { "type": "Polygon", "coordinates": [ [ [ 144.908637950216473, -37.798107716853359 ], [ 144.908582204623855, -37.798990819133657 ], [ 144.908417638387647, -37.799865332888288 ], [ 144.908145832714126, -37.800722835642205 ], [ 144.907769401872002, -37.8015550684798 ], [ 144.907291968145103, -37.802354015609218 ], [ 144.906718127061026, -37.803111981595038 ], [ 144.906053403227077, -37.803821665512942 ], [ 144.905304197194113, -37.804476231311753 ], [ 144.904477723858349, -37.805069373702182 ], [ 144.903581942991991, -37.805595378936566 ], [ 144.90262548257175, -37.806049179891573 ], [ 144.901617555643696, -37.806426404921311 ], [ 144.900567871527045, -37.80672342000851 ], [ 144.899486542214788, -37.806937363805631 ], [ 144.898383984875665, -37.807066175226943 ], [ 144.897270821401463, -37.807108613324466 ], [ 144.896157775971545, -37.807064269255228 ], [ 144.895055571626841, -37.806933570224032 ], [ 144.893974826854816, -37.806717775363701 ], [ 144.892925953187017, -37.806418963592257 ], [ 144.89191905480078, -37.80604001356523 ], [ 144.890963831097281, -37.805584575916562 ], [ 144.890069483197692, -37.805057038057406 ], [ 144.889244625262705, -37.804462481872946 ], [ 144.888497201490907, -37.803806634727067 ], [ 144.887834409597929, -37.803095814248493 ], [ 144.887262631513153, -37.802336867432302 ], [ 144.88678737196156, -37.801537104645718 ], [ 144.886413205519517, -37.800704229175381 ], [ 144.886143732652982, -37.799846262997136 ], [ 144.885981545156625, -37.798971469484037 ], [ 144.885928201323424, -37.798088273799273 ], [ 144.885984211078068, -37.797205181740772 ], [ 144.886149031212398, -37.796330697820565 ], [ 144.886421070762964, -37.79547324336707 ], [ 144.886797706473288, -37.794641075439806 ], [ 144.887275308186616, -37.793842207336091 ], [ 144.88784927391967, -37.793084331454509 ], [ 144.88851407427498, -37.792374745256645 ], [ 144.889263305761006, -37.791720281038437 ], [ 144.890089752503371, -37.791127240185411 ], [ 144.89098545575186, -37.79060133254324 ], [ 144.89194179051259, -37.790147621484842 ], [ 144.892949548568509, -37.789770475201408 ], [ 144.893999027090047, -37.789473524684063 ], [ 144.895080121985103, -37.789259628798959 ], [ 144.896182425093457, -37.789130846790563 ], [ 144.89729532429331, -37.789088418476602 ], [ 144.898408105561174, -37.78913275232398 ], [ 144.899510056007756, -37.789263421520779 ], [ 144.900590566902707, -37.789479168080675 ], [ 144.901639235702334, -37.789777914941801 ], [ 144.902645966102142, -37.790156785943118 ], [ 144.903601065156664, -37.790612133487535 ], [ 144.904495336534893, -37.791139573626644 ], [ 144.905320169016818, -37.791734028230529 ], [ 144.906067619382014, -37.792389773838984 ], [ 144.906730488892862, -37.793100496725344 ], [ 144.907302392637149, -37.793859353644947 ], [ 144.907777821060904, -37.794659037685207 ], [ 144.908152193098061, -37.795491848585684 ], [ 144.908421900381796, -37.796349766851939 ], [ 144.908584342108924, -37.797224530952107 ], [ 144.908637950216473, -37.798107716853359 ] ] ] } },
{ "type": "Feature", "properties": { "SA2_CODE21": 213041577, "SA2_NAME21": "Melton", "library_count": 1, "x": 144.59582069315857, "y": -37.685735845889283 }, "geometry": { "type": "Polygon", "coordinates": [ [ [ 144.607158613589377, -37.685773564023201 ], [ 144.607099431853413, -37.686656561046547 ], [ 144.606931625747052, -37.687530695770278 ], [ 144.606656807696282, -37.68838754936025 ], [ 144.606277621002107, -37.689218869143581 ], [ 144.605797714512875, -37.690016648113357 ], [ 144.605221707596201, -37.69077320207689 ], [ 144.6045551457442, -37.691481243702533 ], [ 144.603804447235262, -37.692133952750901 ], [ 144.602976841364125, -37.692725041811585 ], [ 144.602080298832789, -37.693248816910824 ], [ 144.601123454972992, -37.693700232403728 ], [ 144.600115526539355, -37.694074939620627 ], [ 144.599066222877042, -37.694369328796732 ], [ 144.597985652321483, -37.694580563879533 ], [ 144.596884224735362, -37.694706609877137 ], [ 144.595772551126402, -37.694746252482545 ], [ 144.59466134131668, -37.694699109783961 ], [ 144.593561300655296, -37.694565635948045 ], [ 144.592483026774289, -37.69434711683985 ], [ 144.591436907387589, -37.694045657622475 ], [ 144.590433020123299, -37.693664162456081 ], [ 144.589481035357721, -37.693206306492961 ], [ 144.588590122992713, -37.692676500439845 ], [ 144.587768864076423, -37.692079848030218 ], [ 144.587025168121812, -37.691422096818457 ], [ 144.586366196920693, -37.690709582771213 ], [ 144.585798295587409, -37.689949169192545 ], [ 144.585326931495757, -37.689148180572467 ], [ 144.584956641695413, -37.688314331998576 ], [ 144.584690989311724, -37.68745565481202 ], [ 144.584532529344813, -37.686580419225969 ], [ 144.584482784193455, -37.685697054652501 ], [ 144.584542229134144, -37.684814068506967 ], [ 144.584710287889834, -37.6839399642719 ], [ 144.584985338325339, -37.683083159609772 ], [ 144.585364728209186, -37.682251905313215 ], [ 144.585844800884672, -37.681454205872491 ], [ 144.586420930597654, -37.68069774242408 ], [ 144.587087567137047, -37.679989798821104 ], [ 144.587838289354238, -37.679337191536057 ], [ 144.588665867043431, -37.678746204068659 ], [ 144.589562330585608, -37.678222526488405 ], [ 144.590519047684637, -37.677771200692654 ], [ 144.591526806457097, -37.677396571904069 ], [ 144.592575904077904, -37.67710224687346 ], [ 144.59365624012969, -37.676891059188264 ], [ 144.594757413761528, -37.676765042018893 ], [ 144.595868823725112, -37.676725408564529 ], [ 144.59697977033008, -37.676772540385301 ], [ 144.598079558342164, -37.676905983732574 ], [ 144.599157599838463, -37.677124453912903 ], [ 144.600203516035407, -37.677425847643505 ], [ 144.601207237113471, -37.677807263280826 ], [ 144.602159099082769, -37.678265028728866 ], [ 144.603049936760385, -37.678794736759315 ], [ 144.603871171968422, -37.679391287405579 ], [ 144.604614896104977, -37.68004893702409 ], [ 144.605273946295256, -37.680761353552342 ], [ 144.605841974389335, -37.681521677433842 ], [ 144.606313508142136, -37.682322587625606 ], [ 144.606684003983958, -37.683156372054029 ], [ 144.606949890871476, -37.684015001842951 ], [ 144.607108604792643, -37.684890208600777 ], [ 144.607158613589377, -37.685773564023201 ] ] ] } },
{ "type": "Feature", "properties": { "SA2_CODE21": 213051368, "SA2_NAME21": "Werribee - South", "library_count": 1, "x": 144.65287786561564, "y": -37.951340263423042 }, "geometry": { "type": "Polygon", "coordinates": [ [ [ 144.664255757891397, -37.951372575755734 ], [ 144.664197036398804, -37.952255502483801 ], [ 144.664029301147792, -37.953129619606088 ], [ 144.663754163854918, -37.953986508460879 ], [ 144.663374270869895, -37.954817916039197 ], [ 144.662893277819336, -37.955615834492754 ], [ 144.662315814514642, -37.956372578289837 ], [ 144.661647440457102, -37.957080858275205 ], [ 144.660894591365718, -37.95773385191842 ], [ 144.660064517239363, -37.958325269072652 ], [ 144.659165212549112, -37.958849412608402 ], [ 144.658205339231273, -37.959301233336056 ], [ 144.657194143224785, -37.959676378686076 ], [ 144.656141365357001, -37.959971234676367 ], [ 144.655057147439834, -37.960182960760058 ], [ 144.653951934483842, -37.960309517216999 ], [ 144.652836373976442, -37.96034968482364 ], [ 144.651721213199039, -37.96030307661087 ], [ 144.650617195577979, -37.960170141595647 ], [ 144.649534957072632, -37.95995216045101 ], [ 144.648484923604315, -37.959651233155626 ], [ 144.647477210519412, -37.959270258742919 ], [ 144.646521525059512, -37.95881290734561 ], [ 144.64562707278273, -37.958283584806672 ], [ 144.644802468840481, -37.957687390198593 ], [ 144.644055654967104, -37.957030066662441 ], [ 144.643393822983427, -37.956317946042198 ], [ 144.642823345551022, -37.955557887849473 ], [ 144.64234971484413, -37.954757213148895 ], [ 144.641977489727395, -37.953923634002734 ], [ 144.64171025194625, -37.953065179156141 ], [ 144.641550571747331, -37.952190116680583 ], [ 144.641499983256466, -37.951306874321546 ], [ 144.641558969845562, -37.950423958318801 ], [ 144.641726959624464, -37.949549871481494 ], [ 144.642002331095256, -37.948693031307499 ], [ 144.642382428908945, -37.947861688935042 ], [ 144.642863589567355, -37.947063849706559 ], [ 144.643441176818158, -37.94630719610921 ], [ 144.644109626396784, -37.945599013831888 ], [ 144.644862499682063, -37.944946121650204 ], [ 144.645692545745277, -37.944354805811848 ], [ 144.646591771193869, -37.943830759552817 ], [ 144.647551517136719, -37.943379028324451 ], [ 144.648562542529817, -37.943003961256821 ], [ 144.64961511310247, -37.942709169323727 ], [ 144.650699095008918, -37.942497490610357 ], [ 144.651804052308393, -37.942370963016465 ], [ 144.652919347338212, -37.942330804656343 ], [ 144.654034243019083, -37.942377402143819 ], [ 144.655138006112253, -37.942510306874063 ], [ 144.656220010439682, -37.942728239337889 ], [ 144.657269839079333, -37.943029101427435 ], [ 144.658277384556357, -37.943409996615102 ], [ 144.659232946070176, -37.943867257812656 ], [ 144.660127322825872, -37.944396482643505 ], [ 144.660951902574283, -37.944992575790096 ], [ 144.661698744510772, -37.945649798010329 ], [ 144.662360655736109, -37.946361821353882 ], [ 144.662931260543473, -37.947121790047326 ], [ 144.663405061863756, -37.947922386465507 ], [ 144.663777494275621, -37.948755901554449 ], [ 144.664044968067515, -37.949614309030714 ], [ 144.664204903922951, -37.950489342643266 ], [ 144.664255757891397, -37.951372575755734 ] ] ] } },
{ "type": "Feature", "properties": { "SA2_CODE21": 213051466, "SA2_NAME21": "Point Cook - South", "library_count": 1, "x": 144.7334631949829, "y": -37.911339625193136 }, "geometry": { "type": "Polygon", "coordinates": [ [ [ 144.744835082912658, -37.911364311898204 ], [ 144.744777335890063, -37.912247293709669 ], [ 144.744610623586141, -37.913121538833316 ], [ 144.744336547867874, -37.913978627376856 ], [ 144.743957744861888, -37.914810304410132 ], [ 144.743477859696725, -37.915608559491289 ], [ 144.742901511511718, -37.916365703847845 ], [ 144.742234249065149, -37.917074444467481 ], [ 144.741482497365467, -37.91772795438375 ], [ 144.740653495837023, -37.91831993847741 ], [ 144.739755228614229, -37.918844694158125 ], [ 144.738796347634718, -37.919297166339618 ], [ 144.737786089272902, -37.919672996176857 ], [ 144.736734185318511, -37.919968563093605 ], [ 144.735650769160031, -37.920181019693999 ], [ 144.734546278079989, -37.920308319220233 ], [ 144.733431352607909, -37.920349235289969 ], [ 144.732316733904867, -37.920303373723435 ], [ 144.731213160173354, -37.920171176344631 ], [ 144.730131263095871, -37.919953916720559 ], [ 144.7290814653052, -37.919653687879318 ], [ 144.728073879878906, -37.919273382126342 ], [ 144.727118212831726, -37.918816663153798 ], [ 144.726223669548318, -37.918287930713397 ], [ 144.725398866061568, -37.917692278194579 ], [ 144.724651746033715, -37.917035443518209 ], [ 144.723989504240791, -37.916323753821132 ], [ 144.723418517298569, -37.915564064466309 ], [ 144.722944282295742, -37.914763692968023 ], [ 144.722571363924288, -37.913930348470572 ], [ 144.722303350613288, -37.913072057461669 ], [ 144.722142820084798, -37.912197086437409 ], [ 144.722091314659508, -37.911313862265153 ], [ 144.722149326544582, -37.910430891011984 ], [ 144.722316293240141, -37.909556676021616 ], [ 144.7225906031031, -37.908699636028267 ], [ 144.722969611008779, -37.907868024096373 ], [ 144.723449663954426, -37.90706984816596 ], [ 144.724026136353046, -37.906312793967786 ], [ 144.724693474672875, -37.905604151049438 ], [ 144.725445250989708, -37.904950742622788 ], [ 144.726274224933121, -37.904358859906871 ], [ 144.72717241342886, -37.903834201596112 ], [ 144.728131167564698, -37.903381819034919 ], [ 144.729141255840716, -37.903006067624275 ], [ 144.730192953003495, -37.902710564926586 ], [ 144.731276133611487, -37.902498155869658 ], [ 144.732380369434196, -37.902370885384407 ], [ 144.733495029751509, -37.902329978737022 ], [ 144.734609383592073, -37.902375829745225 ], [ 144.735712702931949, -37.902507996990757 ], [ 144.736794365864739, -37.902725208064624 ], [ 144.737843958755747, -37.903025371804489 ], [ 144.738851376401499, -37.903405598406728 ], [ 144.739806919235065, -37.903862227220884 ], [ 144.740701386645242, -37.904390861959968 ], [ 144.741526165514841, -37.904986412989174 ], [ 144.742273313127754, -37.905643146287822 ], [ 144.742935633647704, -37.906354738614937 ], [ 144.743506747433628, -37.907114338349466 ], [ 144.743981152522252, -37.907914631421136 ], [ 144.744354277685289, -37.908747911699592 ], [ 144.744622526546806, -37.909606155164965 ], [ 144.744783312332629, -37.910481097148285 ], [ 144.744835082912658, -37.911364311898204 ] ] ] } },
{ "type": "Feature", "properties": { "SA2_CODE21": 214011371, "SA2_NAME21": "Frankston", "library_count": 1, "x": 145.13965452857974, "y": -38.154089536302969 }, "geometry": { "type": "Polygon", "coordinates": [ [ [ 145.151063163326853, -38.154075781273249 ], [ 145.151010001441875, -38.154958846215756 ], [ 145.150847476365612, -38.155833543855273 ], [ 145.150577149606534, -38.156691449954657 ], [ 145.150201621149364, -38.157524301723051 ], [ 145.149724504546896, -38.158324077417376 ], [ 145.149150392234588, -38.159083073631749 ], [ 145.148484811397367, -38.159793979528743 ], [ 145.14773417081031, -38.160449947296357 ], [ 145.146905699162062, -38.161044658150026 ], [ 145.146007375453706, -38.161572383241776 ], [ 145.14504785214271, -38.162028038888359 ], [ 145.14403637177233, -38.162407235583679 ], [ 145.14298267789124, -38.16270632032186 ], [ 145.141896921124214, -38.162922411821327 ], [ 145.140789561301688, -38.163053428308878 ], [ 145.139671266595002, -38.163098107595012 ], [ 145.138552810634309, -38.163056019246042 ], [ 145.137444968604939, -38.162927568734965 ], [ 145.136358413328736, -38.162713993531312 ], [ 145.135303612336827, -38.162417351167377 ], [ 145.134290726930487, -38.162040499396738 ], [ 145.133329514207247, -38.161587068636884 ], [ 145.132429233000209, -38.161061426963009 ], [ 145.131598554640334, -38.160468637991393 ], [ 145.130845479403092, -38.159814412060392 ], [ 145.130177259446725, -38.159105051180582 ], [ 145.129600328984054, -38.158347388287112 ], [ 145.129120242360358, -38.157548721380842 ], [ 145.128741620631558, -38.156716743194856 ], [ 145.128468107154646, -38.155859467065831 ], [ 145.128302332614908, -38.154985149725235 ], [ 145.128245889821414, -38.154102211755884 ], [ 145.128299318509335, -38.153219156480731 ], [ 145.128462100289596, -38.152344488065459 ], [ 145.128732663788725, -38.15148662962411 ], [ 145.129108399924263, -38.150653842116078 ], [ 145.129585687162404, -38.149854144814903 ], [ 145.13015992651026, -38.149095238113929 ], [ 145.130825585900993, -38.148384429410633 ], [ 145.131576253540828, -38.147728562781872 ], [ 145.132404699701453, -38.147133953125525 ], [ 145.133302946361198, -38.146606325400619 ], [ 145.134262344023625, -38.146150759548647 ], [ 145.135273654974071, -38.145771641624918 ], [ 145.136327142174508, -38.145472621608192 ], [ 145.137412662942779, -38.145256578292852 ], [ 145.138519766517817, -38.145125591600355 ], [ 145.139637794575719, -38.145080922575218 ], [ 145.140755983733499, -38.14512300125682 ], [ 145.14186356905887, -38.145251422543673 ], [ 145.142949887595023, -38.145464950089305 ], [ 145.144004480908563, -38.145761528192864 ], [ 145.14501719567923, -38.146138301570325 ], [ 145.145978281366922, -38.146591642816759 ], [ 145.146878484020391, -38.147117187296978 ], [ 145.147709135327545, -38.147709875129742 ], [ 145.148462236052438, -38.148363999863413 ], [ 145.149130533057388, -38.149073263376366 ], [ 145.149707589168599, -38.149830836475239 ], [ 145.150187845212287, -38.150629424609917 ], [ 145.150566673621768, -38.151461338074427 ], [ 145.150840423097378, -38.15231856601936 ], [ 145.151006453884577, -38.15319285356491 ], [ 145.151063163326853, -38.154075781273249 ] ] ] } }
]
}
